/*
SQLyog Ultimate v12.09 (64 bit)
MySQL - 5.7.13-log : Database - ahoo
*********************************************************************
*/

/*!40101 SET NAMES utf8 */;

/*!40101 SET SQL_MODE=''*/;

/*!40014 SET @OLD_UNIQUE_CHECKS=@@UNIQUE_CHECKS, UNIQUE_CHECKS=0 */;
/*!40014 SET @OLD_FOREIGN_KEY_CHECKS=@@FOREIGN_KEY_CHECKS, FOREIGN_KEY_CHECKS=0 */;
/*!40101 SET @OLD_SQL_MODE=@@SQL_MODE, SQL_MODE='NO_AUTO_VALUE_ON_ZERO' */;
/*!40111 SET @OLD_SQL_NOTES=@@SQL_NOTES, SQL_NOTES=0 */;
CREATE DATABASE /*!32312 IF NOT EXISTS*/`ahoo` /*!40100 DEFAULT CHARACTER SET utf8 */;

USE `ahoo`;

/*Table structure for table `childseriesprodes` */

DROP TABLE IF EXISTS `childseriesprodes`;

CREATE TABLE `childseriesprodes` (
  `REC_ID` int(11) NOT NULL AUTO_INCREMENT,
  `PRODUCT_CHILD_TYPE` varchar(150) DEFAULT NULL,
  `PRODUCT_TITLE` varchar(250) DEFAULT NULL,
  `PRODUCT_DES` varchar(500) DEFAULT NULL,
  `REMARK` varchar(500) DEFAULT NULL,
  `FK_REC_ID` int(11) DEFAULT NULL,
  PRIMARY KEY (`REC_ID`),
  KEY `FK_Reference_4` (`FK_REC_ID`),
  CONSTRAINT `FK_Reference_4` FOREIGN KEY (`FK_REC_ID`) REFERENCES `childseriesproduct` (`REC_ID`)
) ENGINE=InnoDB AUTO_INCREMENT=44 DEFAULT CHARSET=utf8;

/*Data for the table `childseriesprodes` */

insert  into `childseriesprodes`(`REC_ID`,`PRODUCT_CHILD_TYPE`,`PRODUCT_TITLE`,`PRODUCT_DES`,`REMARK`,`FK_REC_ID`) values (1,'cc1','cc1','cc1',NULL,1),(2,'cc2','cc2','cc22',NULL,2),(3,'cc4','cc4','cc4',NULL,3),(4,'cc6','cc6','cc6',NULL,4),(5,'cc7','cc7','cc7',NULL,5),(6,'cc11','cc11','cc11',NULL,6),(7,'cc14','cc14','cc14',NULL,7),(8,'cr1','cr1','cr1',NULL,8),(9,'cr2','cr2','cr2',NULL,9),(10,'cr3','cr3','cr3',NULL,10),(11,'bb1/bb2/bb11','bb1/bb2/bb11','bb1/bb2/bb11',NULL,11),(12,'bb3','bb3','bb3',NULL,12),(13,'bb7','bb7','bb7',NULL,13),(14,'bb14','bb14','bb14',NULL,14),(15,'bb41','bb41','bb41',NULL,15),(16,'bb44','bb44','bb44',NULL,16),(17,'br1','br1','br1',NULL,17),(18,'br2','br2','br2',NULL,18),(19,'br3','br3','br3',NULL,19),(20,'bs1','bs1','bs1',NULL,20),(21,'bs2','bs2','bs2',NULL,21),(22,'bs3','bs3','bs3',NULL,22),(23,'cb1','cb1','cb1',NULL,23),(24,'cb4','cb4','cb4',NULL,24),(25,'cb5','cb5','cb5',NULL,25),(26,'cre1','cre1','cre1',NULL,26),(27,'cre2','cre2','cre2',NULL,27),(28,'cre3','cre3','cre3',NULL,28),(29,'cre17','cre17','cre17',NULL,29),(30,'cs1','cs1','cs1',NULL,30),(31,'cs2','cs2','cs2',NULL,31),(32,'cs3','cs3','cs3',NULL,32),(33,'cs7','cs7','cs7',NULL,33),(34,'cs9','cs9','cs9',NULL,34),(35,'cs25','cs25','cs25',NULL,35),(36,'cs27','cs27','cs27',NULL,36),(37,'cs32','cs32','cs32',NULL,37),(38,'cs34','cs34','cs34',NULL,38),(39,'r4','r4','r4',NULL,39),(40,'r6','r6','r6',NULL,40),(41,'r8','r8','r8',NULL,41),(42,'r12','r12','r12',NULL,42),(43,'wy','wy','wy',NULL,43);

/*Table structure for table `childseriesproduct` */

DROP TABLE IF EXISTS `childseriesproduct`;

CREATE TABLE `childseriesproduct` (
  `REC_ID` int(11) NOT NULL AUTO_INCREMENT,
  `PRODUCT_CHILD_TYPE` varchar(250) DEFAULT NULL,
  `PRODUCT_CHILD_URL` varchar(250) DEFAULT NULL,
  `REMARK` varchar(250) DEFAULT NULL,
  `FK_REC_ID` int(11) DEFAULT NULL,
  PRIMARY KEY (`REC_ID`),
  KEY `FK_Reference_1` (`FK_REC_ID`),
  CONSTRAINT `FK_Reference_1` FOREIGN KEY (`FK_REC_ID`) REFERENCES `mainseriesproduct` (`REC_ID`)
) ENGINE=InnoDB AUTO_INCREMENT=44 DEFAULT CHARSET=utf8;

/*Data for the table `childseriesproduct` */

insert  into `childseriesproduct`(`REC_ID`,`PRODUCT_CHILD_TYPE`,`PRODUCT_CHILD_URL`,`REMARK`,`FK_REC_ID`) values (1,'cc1','/images/branch/1_cc1.jpg','备注',1),(2,'cc2','/images/branch/1_cc2.jpg','备注',1),(3,'cc4','/images/branch/1_cc4.jpg','备注',1),(4,'cc6','/images/branch/1_cc6.jpg','备注',1),(5,'cc7','/images/branch/1_cc7.jpg','备注',1),(6,'cc11','/images/branch/1_cc11.jpg','备注',1),(7,'cc14','/images/branch/1_cc14.jpg','备注',1),(8,'cr1','/images/branch/2_cr1.jpg','备注',2),(9,'cr2','/images/branch/2_cr2.jpg','备注',2),(10,'cr3','/images/branch/2_cr3.jpg','备注',2),(11,'bb1/bb2/bb11','/images/branch/3_bb1.jpg','备注',3),(12,'bb3','/images/branch/3_bb3.jpg','备注',3),(13,'bb7','/images/branch/3_bb7.jpg','备注',3),(14,'bb14','/images/branch/3_bb14.jpg','备注',3),(15,'bb41','/images/branch/3_bb41.jpg','备注',3),(16,'bb44','/images/branch/3_bb44.jpg','备注',3),(17,'br1','/images/branch/4_br1.jpg','备注',4),(18,'br2','/images/branch/4_br2.jpg','备注',4),(19,'br3','/images/branch/4_br3.jpg','备注',4),(20,'bs1','/images/branch/5_bs1.jpg','备注',5),(21,'bs2','/images/branch/5_bs2.jpg','备注',5),(22,'bs3','/images/branch/5_bs3.jpg','备注',5),(23,'cb1','/images/branch/6_cb1.jpg','备注',6),(24,'cb4','/images/branch/6_cb4.jpg','备注',6),(25,'cb5','/images/branch/6_cb5.jpg','备注',6),(26,'cre1','/images/branch/7_cre1.jpg','备注',7),(27,'cre2','/images/branch/7_cre2.jpg','备注',7),(28,'cre3','/images/branch/7_cre3.jpg','备注',7),(29,'cre17','/images/branch/7_cre17.jpg','备注',7),(30,'cs1','/images/branch/8_cs1.jpg','备注',8),(31,'cs2','/images/branch/8_cs2.jpg','备注',8),(32,'cs3','/images/branch/8_cs3.jpg','备注',8),(33,'cs7','/images/branch/8_cs7.jpg','备注',8),(34,'cs9','/images/branch/8_cs9.jpg','备注',8),(35,'cs25','/images/branch/8_cs25.jpg','备注',8),(36,'cs27','/images/branch/8_cs27.jpg','备注',8),(37,'cs32','/images/branch/8_cs32.jpg','备注',8),(38,'cs34','/images/branch/8_cs34.jpg','备注',8),(39,'r4','/images/branch/9_r4.jpg','备注',9),(40,'r6','/images/branch/9_r6.jpg','备注',9),(41,'r8','/images/branch/9_r8.jpg','备注',9),(42,'r12','/images/branch/9_r12.jpg','备注',9),(43,'wy','/images/branch/10_wy.jpg','备注',10);

/*Table structure for table `lzjd` */

DROP TABLE IF EXISTS `lzjd`;

CREATE TABLE `lzjd` (
  `REC_ID` int(11) NOT NULL AUTO_INCREMENT,
  `PRODUCT_NORMS_A` varchar(100) DEFAULT NULL,
  `PRODUCT_NORMS_B` varchar(100) DEFAULT NULL,
  `MODEL` varchar(100) DEFAULT NULL,
  `TAGLINE` varchar(100) DEFAULT NULL,
  `PH` varchar(100) DEFAULT NULL,
  `SHAPE` varchar(100) DEFAULT NULL,
  `REMARK` varchar(100) DEFAULT NULL,
  `FK_REC_ID` int(11) DEFAULT NULL,
  PRIMARY KEY (`REC_ID`),
  KEY `FK_Reference_1` (`FK_REC_ID`),
  CONSTRAINT `lzjd_ibfk_1` FOREIGN KEY (`FK_REC_ID`) REFERENCES `lzjdlx` (`REC_ID`)
) ENGINE=InnoDB AUTO_INCREMENT=18 DEFAULT CHARSET=utf8;

/*Data for the table `lzjd` */

insert  into `lzjd`(`REC_ID`,`PRODUCT_NORMS_A`,`PRODUCT_NORMS_B`,`MODEL`,`TAGLINE`,`PH`,`SHAPE`,`REMARK`,`FK_REC_ID`) values (1,'HA-52-TBG-404G','Φ52×1500mm','铜覆钢','镀锌扁钢','7±5%','一体形',NULL,1),(2,'HA-52-TBG-S95L','Φ52×1500mm','铜覆钢','铜覆钢线','7±5%','一体形',NULL,1),(3,'HA-52B-TBG-404G','Φ52×3000mm','铜覆钢','镀锌扁钢','7±5%','一体形',NULL,1),(4,'HA-52B-TBG-S95L','Φ52×3000mm','铜覆钢','铜覆钢线','7±5%','一体形',NULL,1),(5,'HA-50A-404G','Φ50×1500mm','纯铜','镀锌扁钢','7±5%','一体形',NULL,1),(6,'HA-50A-S95L','Φ50×1500mm','纯铜','纯铜绞线','7±5%','一体形',NULL,1),(7,'HA-50B-404G','Φ50×3000mm','纯铜','镀锌扁钢','7±5%','一体形',NULL,1),(8,'HA-50B-S95L','Φ50×3000mm','纯铜','纯铜绞线','7±5%','一体形',NULL,1),(9,'HA-50A-ZH','Φ50×1500mm','纯铜','纯铜绞线','7±5%','组合型',NULL,1),(10,'HA-50B-ZH','Φ50×3000mm','纯铜','纯铜绞线','7±5%','组合型',NULL,1),(11,'HA-50C-ZH','Φ50×6000mm','纯铜','纯铜绞线','7±5%','组合型',NULL,1),(12,'HA-54A-ZH','Φ54×1500mm','纯铜','纯铜绞线','7±5%','组合型',NULL,1),(13,'HA-54B-ZH','Φ54×3000mm','纯铜','纯铜绞线','7±5%','组合型',NULL,1),(14,'HA-54C-ZH','Φ54×6000mm','纯铜','纯铜绞线','7±5%','组合型',NULL,1),(15,'HA-54A-Z5ZH','Φ54×1500mm','纯铜','纯铜绞线','7±5%','增强组合型',NULL,1),(16,'HA-54B-Z5ZH','Φ54×3000mm','纯铜','纯铜绞线','7±5%','增强组合型',NULL,1),(17,'HA-54C-Z5ZH','Φ54×6000mm','纯铜','纯铜绞线','7±5%','增强组合型',NULL,1);

/*Table structure for table `lzjdlx` */

DROP TABLE IF EXISTS `lzjdlx`;

CREATE TABLE `lzjdlx` (
  `REC_ID` int(11) NOT NULL AUTO_INCREMENT,
  `PRODUCT_TYPE` varchar(100) DEFAULT NULL,
  `PRODUCT_URL` varchar(100) DEFAULT NULL,
  `REMARK` varchar(100) DEFAULT NULL,
  PRIMARY KEY (`REC_ID`)
) ENGINE=InnoDB AUTO_INCREMENT=2 DEFAULT CHARSET=utf8;

/*Data for the table `lzjdlx` */

insert  into `lzjdlx`(`REC_ID`,`PRODUCT_TYPE`,`PRODUCT_URL`,`REMARK`) values (1,'电解离子接地','/images/total/main_1.jpg',NULL);

/*Table structure for table `lzjdlxms` */

DROP TABLE IF EXISTS `lzjdlxms`;

CREATE TABLE `lzjdlxms` (
  `REC_ID` int(11) NOT NULL AUTO_INCREMENT,
  `PRODUCT_TITLE` varchar(100) DEFAULT NULL,
  `PRODUCT_DES` varchar(500) DEFAULT NULL,
  `REMARK` varchar(100) DEFAULT NULL,
  `FK_REC_ID` int(11) DEFAULT NULL,
  PRIMARY KEY (`REC_ID`),
  KEY `FK_REC_ID` (`FK_REC_ID`),
  CONSTRAINT `lzjdlxms_ibfk_1` FOREIGN KEY (`FK_REC_ID`) REFERENCES `lzjdlx` (`REC_ID`)
) ENGINE=InnoDB AUTO_INCREMENT=1000 DEFAULT CHARSET=utf8;

/*Data for the table `lzjdlxms` */

insert  into `lzjdlxms`(`REC_ID`,`PRODUCT_TITLE`,`PRODUCT_DES`,`REMARK`,`FK_REC_ID`) values (1,'电解离子接地','电解离子接地描述',NULL,1),(999,'离子接地描述','离子接地描述',NULL,NULL);

/*Table structure for table `mainseriesprodes` */

DROP TABLE IF EXISTS `mainseriesprodes`;

CREATE TABLE `mainseriesprodes` (
  `REC_ID` int(11) NOT NULL AUTO_INCREMENT,
  `PRODUCT_TITLE` varchar(250) DEFAULT NULL,
  `PRODUCT_DES` varchar(500) DEFAULT NULL,
  `REMARK` varchar(500) DEFAULT NULL,
  `FK_REC_ID` int(11) DEFAULT NULL,
  PRIMARY KEY (`REC_ID`),
  KEY `FK_Reference_3` (`FK_REC_ID`),
  CONSTRAINT `FK_Reference_3` FOREIGN KEY (`FK_REC_ID`) REFERENCES `mainseriesproduct` (`REC_ID`)
) ENGINE=InnoDB AUTO_INCREMENT=1000 DEFAULT CHARSET=utf8;

/*Data for the table `mainseriesprodes` */

insert  into `mainseriesprodes`(`REC_ID`,`PRODUCT_TITLE`,`PRODUCT_DES`,`REMARK`,`FK_REC_ID`) values (1,'导线与导线','导线与导线具体描述','备注',1),(2,'导线与接地棒','导线与接地棒具体描述','备注',2),(3,'扁带与扁带','扁带与扁带具体描述','备注',3),(4,'扁带与接地棒','扁带与接地棒具体描述','备注',4),(5,'扁带与钢板（平面）','扁带与钢板（平面）具体描述','备注',5),(6,'导线与扁带','导线与扁带具体描述','备注',6),(7,'导线与钢筋','导线与钢筋具体描述','备注',7),(8,'导线与平面（管）','导线与平面（管）具体描述','备注',8),(9,'导线与钢轨','导线与钢轨具体描述','备注',9),(10,'阴极保护','阴极保护具体描述','备注',10),(999,'主页介绍','主页介绍具体描述','为了方便以后的更改所以放在这边',NULL);

/*Table structure for table `mainseriesproduct` */

DROP TABLE IF EXISTS `mainseriesproduct`;

CREATE TABLE `mainseriesproduct` (
  `REC_ID` int(11) NOT NULL AUTO_INCREMENT,
  `PRODUCT_MAIN_TYPE` varchar(250) DEFAULT NULL,
  `PRODUCT_MAIN_URL` varchar(250) DEFAULT NULL,
  `REMARK` varchar(250) DEFAULT NULL,
  PRIMARY KEY (`REC_ID`)
) ENGINE=InnoDB AUTO_INCREMENT=11 DEFAULT CHARSET=utf8;

/*Data for the table `mainseriesproduct` */

insert  into `mainseriesproduct`(`REC_ID`,`PRODUCT_MAIN_TYPE`,`PRODUCT_MAIN_URL`,`REMARK`) values (1,'导线与导线','/images/total/main_1.jpg',NULL),(2,'导线与接地棒','/images/total/main_2.jpg',NULL),(3,'扁带与扁带','/images/total/main_3.jpg',NULL),(4,'扁带与接地棒','/images/total/main_4.jpg',NULL),(5,'扁带与钢板（平面）','/images/total/main_5.jpg',NULL),(6,'导线与扁带','/images/total/main_6.jpg',NULL),(7,'导线与钢筋','/images/total/main_7.jpg',NULL),(8,'导线与平面（管）','/images/total/main_8.jpg',NULL),(9,'导线与钢轨','/images/total/main_9.jpg',NULL),(10,'阴极保护','/images/total/main_10.jpg',NULL);

/*Table structure for table `productparameter` */

DROP TABLE IF EXISTS `productparameter`;

CREATE TABLE `productparameter` (
  `REC_ID` int(11) NOT NULL AUTO_INCREMENT,
  `CONDUCTOR_A` varchar(150) DEFAULT NULL,
  `CONDUCTOR_B` varchar(150) DEFAULT NULL,
  `MODEL_NUMBER` varchar(150) DEFAULT NULL,
  `MODEL_TYPE` varchar(150) DEFAULT NULL,
  `POWER_TYPE` varchar(150) DEFAULT NULL,
  `MODEL_CLIP` varchar(150) DEFAULT NULL,
  `PARAMETER1` varchar(150) DEFAULT NULL,
  `PARAMETER2` varchar(150) DEFAULT NULL,
  `REMARK` varchar(500) DEFAULT NULL,
  `FK_CHILD_REC_ID` int(11) DEFAULT NULL,
  PRIMARY KEY (`REC_ID`),
  KEY `FK_Reference_2` (`FK_CHILD_REC_ID`),
  CONSTRAINT `FK_Reference_2` FOREIGN KEY (`FK_CHILD_REC_ID`) REFERENCES `childseriesproduct` (`REC_ID`)
) ENGINE=InnoDB AUTO_INCREMENT=1000 DEFAULT CHARSET=utf8;

/*Data for the table `productparameter` */

insert  into `productparameter`(`REC_ID`,`CONDUCTOR_A`,`CONDUCTOR_B`,`MODEL_NUMBER`,`MODEL_TYPE`,`POWER_TYPE`,`MODEL_CLIP`,`PARAMETER1`,`PARAMETER2`,`REMARK`,`FK_CHILD_REC_ID`) values (1,'25mm²','25mm²','CC1-25/25','4','30#','MJ-58×4','','',NULL,1),(2,'35mm²','35mm²','CC1-35/35','4','45#','MJ-58×4','','',NULL,1),(3,'50mm²','50mm²','CC1-50/50','4','65#','MJ-58×4','','',NULL,1),(4,'Φ8mm','Φ8mm','CC1-D8/D8','4','65#','MJ-58×4','','',NULL,1),(5,'70mm²','70mm²','CC1-70/70','4','90#','MJ-58×4','','',NULL,1),(6,'Φ10mm','Φ10mm','CC1-D10/D10','4','90#','MJ-58×4','','',NULL,1),(7,'95mm²','95mm²','CC1-95/95','4','90#','MJ-58×4','','',NULL,1),(8,'Φ12mm','Φ12mm','CC1-D12/D12','4','115#','MJ-58×4','','',NULL,1),(9,'120mm²（Φ14mm）','120mm²（Φ14mm）','CC1-120/120','4','150#','MJ-58×4','','',NULL,1),(10,'150mm²（Φ16mm）','150mm²（Φ16mm）','CC1-150/150','4','150#','MJ-58×4','','',NULL,1),(11,'185mm²','185mm²','CC1-185/185','4','200#','MJ-58×4','','',NULL,1),(12,'240mm²','240mm²','CC1-240/240','5','250#','MJ-58×4','','',NULL,1),(13,'300mm²','300mm²','CC1-300/300','5','250#','MJ-58×4','','',NULL,1),(14,'400mm²','400mm²','CC1-400/400','5','150#×2','MJ-58×4','','',NULL,1),(15,'16mm²','16mm²','CC2-16/16','4','45#','MJ-58×4','','',NULL,2),(16,'25mm²','25mm²','CC2-25/25','4','45#','MJ-58×4','','',NULL,2),(17,'35mm²','35mm²','CC2-35/35','4','65#','MJ-58×4','','',NULL,2),(18,'35mm²','25mm²','CC2-35/25','4','65#','MJ-58×4','','',NULL,2),(19,'35mm²','16mm²','CC2-35/16','4','65#','MJ-58×4','','',NULL,2),(20,'Φ8mm','Φ8mm','CC2-D8/D8','4','65#','MJ-58×4','','',NULL,2),(21,'50mm²','50mm²','CC2-50/50','4','90#','MJ-58×4','','',NULL,2),(22,'50mm²','35mm²','CC2-50/35','4','65#','MJ-58×4','','',NULL,2),(23,'50mm²','25mm²','CC2-50/25','4','65#','MJ-58×4','','',NULL,2),(24,'Φ10mm','Φ10mm','CC2-D10/D10','4','90#','MJ-58×4','','',NULL,2),(25,'70mm²','70mm²','CC2-70/70','4','90#','MJ-58×4','','',NULL,2),(26,'70mm²','50mm²','CC2-70/50','4','90#','MJ-58×4','','',NULL,2),(27,'70mm²','35mm²','CC2-70/35','4','90#','MJ-58×4','','',NULL,2),(28,'70mm²','25mm²','CC2-70/25','4','90#','MJ-58×4','','',NULL,2),(29,'95mm²','95mm²','CC2-95/95','4','115#','MJ-58×4','','',NULL,2),(30,'95mm²','70mm²','CC2-95/70','4','115#','MJ-58×4','','',NULL,2),(31,'95mm²','50mm²','CC2-95/50','4','115#','MJ-58×4','','',NULL,2),(32,'95mm²','35mm²','CC2-95/35','4','115#','MJ-58×4','','',NULL,2),(33,'120mm²（Φ14mm）','120mm²（Φ14mm）','CC2-120/120','4','150#','MJ-58×4','','',NULL,2),(34,'120mm²（Φ14mm）','95mm²','CC2-120/95','4','150#','MJ-58×4','','',NULL,2),(35,'120mm²（Φ14mm）','70mm²','CC2-120/70','4','150#','MJ-58×4','','',NULL,2),(36,'120mm²（Φ14mm）','50mm²','CC2-120/50','4','150#','MJ-58×4','','',NULL,2),(37,'150mm²（Φ16mm）','150mm²（Φ16mm）','CC2-150/150','4','200#','MJ-58×4','','',NULL,2),(38,'150mm²（Φ16mm）','120mm²（Φ14mm）','CC2-150/150','4','200#','MJ-58×4','','',NULL,2),(39,'150mm²（Φ16mm）','95mm²','CC2-150/150','4','200#','MJ-58×4','','',NULL,2),(40,'150mm²（Φ16mm）','70mm²','CC2-150/150','4','200#','MJ-58×4','','',NULL,2),(41,'185mm²','185mm²','CC2-185/185','4','200#','MJ-58×4','','',NULL,2),(42,'185mm²','150mm²（Φ16mm）','CC2-185/150','4','200#','MJ-58×4','','',NULL,2),(43,'185mm²','120mm²（Φ14mm）','CC2-185/120','4','200#','MJ-58×4','','',NULL,2),(44,'185mm²','95mm²','CC2-185/95','4','200#','MJ-58×4','','',NULL,2),(45,'240mm²','240mm²','CC2-240/240','5','150#×2','MJ-58×4','','',NULL,2),(46,'240mm²','185mm²','CC2-240/185','5','150#×2','MJ-58×4','','',NULL,2),(47,'240mm²','150mm²（Φ16mm）','CC2-240/150','5','150#×2','MJ-58×4','','',NULL,2),(48,'240mm²','120mm²（Φ14mm）','CC2-240/120','5','150#×2','MJ-58×4','','',NULL,2),(49,'300mm²','300mm²','CC2-300/300','6','200#×2','MJ-58×4','','',NULL,2),(50,'300mm²','240mm²','CC2-300/240','6','200#×2','MJ-58×4','','',NULL,2),(51,'300mm²','185mm²','CC2-300/185','6','150#×2','MJ-58×4','','',NULL,2),(52,'300mm²','150mm²（Φ16mm）','CC2-300/150','6','150#×2','MJ-58×4','','',NULL,2),(53,'16mm²','16mm²','CC4-16/16','4','65#','MJ-58×4','','',NULL,3),(54,'25mm²','25mm²','CC4-25/25','4','65#','MJ-58×4','','',NULL,3),(55,'35mm²','35mm²','CC4-35/35','4','90#','MJ-58×4','','',NULL,3),(56,'35mm²','25mm²','CC4-35/25','4','90#','MJ-58×4','','',NULL,3),(57,'35mm²','16mm²','CC4-35/16','4','90#','MJ-58×4','','',NULL,3),(58,'Φ8mm','Φ8mm','CC4-D8/D8','4','90#','MJ-58×4','','',NULL,3),(59,'50mm²','50mm²','CC4-50/50','4','90#','MJ-58×4','','',NULL,3),(60,'50mm²','35mm²','CC4-50/35','4','90#','MJ-58×4','','',NULL,3),(61,'50mm²','25mm²','CC4-50/25','4','90#','MJ-58×4','','',NULL,3),(62,'Φ10mm','Φ10mm','CC4-D10/D10','4','115#','MJ-58×4','','',NULL,3),(63,'70mm²','70mm²','CC4-70/70','4','115#','MJ-58×4','','',NULL,3),(64,'70mm²','50mm²','CC4-70/50','4','115#','MJ-58×4','','',NULL,3),(65,'70mm²','35mm²','CC4-70/35','4','115#','MJ-58×4','','',NULL,3),(66,'70mm²','25mm²','CC4-70/25','4','115#','MJ-58×4','','',NULL,3),(67,'95mm²','95mm²','CC4-95/95','4','150#','MJ-58×4','','',NULL,3),(68,'95mm²','70mm²','CC4-95/70','4','150#','MJ-58×4','','',NULL,3),(69,'95mm²','50mm²','CC4-95/50','4','150#','MJ-58×4','','',NULL,3),(70,'95mm²','35mm²','CC4-95/35','4','150#','MJ-58×4','','',NULL,3),(71,'120mm²（Φ14mm）','120mm²（Φ14mm）','CC4-120/120','4','200#','MJ-58×4','','',NULL,3),(72,'120mm²（Φ14mm）','95mm²','CC4-120/95','4','200#','MJ-58×4','','',NULL,3),(73,'120mm²（Φ14mm）','70mm²','CC4-120/70','4','200#','MJ-58×4','','',NULL,3),(74,'120mm²（Φ14mm）','50mm²','CC4-120/50','4','200#','MJ-58×4','','',NULL,3),(75,'120mm²（Φ14mm）','150mm²（Φ16mm）','CC4-150/150','5','250#','MJ-58×4','','',NULL,3),(76,'150mm²（Φ16mm）','120mm²（Φ14mm）','CC4-150/150','5','250#','MJ-58×4','','',NULL,3),(77,'150mm²（Φ16mm）','95mm²','CC4-150/150','4','250#','MJ-58×4','','',NULL,3),(78,'150mm²（Φ16mm）','70mm²','CC4-150/150','4','250#','MJ-58×4','','',NULL,3),(79,'150mm²（Φ16mm）','185mm²','CC4-185/185','5','150#×2','MJ-58×4','','',NULL,3),(80,'185mm²','150mm²（Φ16mm）','CC4-185/150','5','250#','MJ-58×4','','',NULL,3),(81,'185mm²','120mm²（Φ14mm）','CC4-185/120','5','250#','MJ-58×4','','',NULL,3),(82,'185mm²','95mm²','CC4-185/95','5','250#','MJ-58×4','','',NULL,3),(83,'240mm²','240mm²','CC4-240/240','6','200#×2','MJ-58×4','','',NULL,3),(84,'240mm²','185mm²','CC4-240/185','6','200#×2','MJ-58×4','','',NULL,3),(85,'240mm²','150mm²（Φ16mm）','CC4-240/150','6','200#×2','MJ-58×4','','',NULL,3),(86,'240mm²','120mm²（Φ14mm）','CC4-240/120','5','150#×2','MJ-58×4','','',NULL,3),(87,'300mm²','300mm²','CC4-300/300','7','250#×2','MJ-58×4','','',NULL,3),(88,'300mm²','240mm²','CC4-300/240','7','250#×2','MJ-58×4','','',NULL,3),(89,'300mm²','185mm²','CC4-300/185','6','200#×2','MJ-58×4','','',NULL,3),(90,'300mm²','150mm²（Φ16mm）','CC4-300/150','6','200#×2','MJ-58×4','','',NULL,3),(91,'300mm²','120mm²（Φ14mm）','CC4-300/120','6','200#×2','MJ-58×4','','',NULL,3),(92,'50mm²','50mm²','CC6-50/50','5','90#','MJ-58×4','','',NULL,4),(93,'50mm²','35mm²','CC6-50/35','5','90#','MJ-58×4','','',NULL,4),(94,'50mm²','25mm²','CC6-50/25','5','90#','MJ-58×4','','',NULL,4),(95,'70mm²','70mm²','CC6-70/70','5','115#','MJ-58×4','','',NULL,4),(96,'70mm²','50mm²','CC6-70/50','5','115#','MJ-58×4','','',NULL,4),(97,'70mm²','35mm²','CC6-70/35','5','90#','MJ-58×4','','',NULL,4),(98,'70mm²','25mm²','CC6-70/25','5','90#','MJ-58×4','','',NULL,4),(99,'95mm²','95mm²','CC6-95/95','5','150#','MJ-58×4','','',NULL,4),(100,'95mm²','70mm²','CC6-95/70','5','115#','MJ-58×4','','',NULL,4),(101,'95mm²','50mm²','CC6-95/50','5','115#','MJ-58×4','','',NULL,4),(102,'95mm²','35mm²','CC6-95/35','5','115#','MJ-58×4','','',NULL,4),(103,'120mm²（Φ14mm）','120mm²（Φ14mm）','CC6-120/120','5','200#','MJ-58×4','','',NULL,4),(104,'120mm²（Φ14mm）','95mm²','CC6-120/95','5','200#','MJ-58×4','','',NULL,4),(105,'120mm²（Φ14mm）','70mm²','CC6-120/70','5','150#','MJ-58×4','','',NULL,4),(106,'120mm²（Φ14mm）','50mm²','CC6-120/50','5','150#','MJ-58×4','','',NULL,4),(107,'Φ8mm','Φ8mm','CC7-D8/D8','5','90#','MJ-58×4SS','','',NULL,5),(108,'50mm²','50mm²','CC7-50/50','5','90#','MJ-58×4SS','','',NULL,5),(109,'50mm²','35mm²','CC7-50/35','5','90#','MJ-58×4SS','','',NULL,5),(110,'50mm²','25mm²','CC7-50/25','5','90#','MJ-58×4SS','','',NULL,5),(111,'Φ10mm','Φ10mm','CC7-D10/D10','5','115#','MJ-58×4SS','','',NULL,5),(112,'70mm²','70mm²','CC7-70/70','5','115#','MJ-58×4SS','','',NULL,5),(113,'70mm²','50mm²','CC7-70/50','5','115#','MJ-58×4SS','','',NULL,5),(114,'70mm²','35mm²','CC7-70/35','5','115#','MJ-58×4SS','','',NULL,5),(115,'70mm²','25mm²','CC7-70/25','5','115#','MJ-58×4SS','','',NULL,5),(116,'95mm²','95mm²','CC7-95/95','5','150#','MJ-58×4SS','','',NULL,5),(117,'95mm²','70mm²','CC7-95/70','5','150#','MJ-58×4SS','','',NULL,5),(118,'95mm²','50mm²','CC7-95/50','5','115#','MJ-58×4SS','','',NULL,5),(119,'120mm²（Φ14mm）','120mm²（Φ14mm）','CC7-120/120','5','200#','MJ-58×4SS','','',NULL,5),(120,'120mm²（Φ14mm）','95mm²','CC7-120/95','5','200#','MJ-58×4SS','','',NULL,5),(121,'120mm²（Φ14mm）','70mm²','CC7-120/70','5','150#','MJ-58×4SS','','',NULL,5),(122,'120mm²（Φ14mm）','50mm²','CC7-120/50','5','150#','MJ-58×4SS','','',NULL,5),(123,'150mm²（Φ16mm）','150mm²（Φ16mm）','CC7-150/150','5','150#×2','MJ-58×4SS','','',NULL,5),(124,'150mm²（Φ16mm）','120mm²（Φ14mm）','CC7-150/150','5','250#','MJ-58×4SS','','',NULL,5),(125,'150mm²（Φ16mm）','95mm²','CC7-150/150','5','250#','MJ-58×4SS','','',NULL,5),(126,'150mm²（Φ16mm）','70mm²','CC7-150/150','5','200#','MJ-58×4SS','','',NULL,5),(127,'185mm²','185mm²','CC7-185/185','5','150#×2','MJ-58×4SS','','',NULL,5),(128,'185mm²','150mm²（Φ16mm）','CC7-185/150','5','150#×2','MJ-58×4SS','','',NULL,5),(129,'185mm²','120mm²（Φ14mm）','CC7-185/120','5','250#','MJ-58×4SS','','',NULL,5),(130,'185mm²','95mm²','CC7-185/95','5','250#','MJ-58×4SS','','',NULL,5),(131,'240mm²','240mm²','CC7-240/240','6','200#×2','MJ-58×4SS','','',NULL,5),(132,'240mm²','185mm²','CC7-240/185','6','150#×2','MJ-58×4SS','','',NULL,5),(133,'240mm²','150mm²（Φ16mm）','CC7-240/150','6','150#×2','MJ-58×4SS','','',NULL,5),(134,'240mm²','120mm²（Φ14mm）','CC7-240/120','5','250#','MJ-58×4SS','','',NULL,5),(135,'Φ8mm','Φ8mm','CC11-D8/D8','7','90#','MJ-76×4','','',NULL,6),(136,'50mm²','50mm²','CC11-50/50','7','90#','MJ-76×4','','',NULL,6),(137,'Φ10mm','Φ10mm','CC11-D10/D10','7','115#','MJ-76×4','','',NULL,6),(138,'70mm²','70mm²','CC11-70/70','7','115#','MJ-76×4','','',NULL,6),(139,'95mm²','95mm²','CC11-95/95','8','150#','MJ-76×4','','',NULL,6),(140,'120mm²（Φ14mm）','120mm²（Φ14mm）','CC11-120/120','8','200#','MJ-76×4','','',NULL,6),(141,'150mm²（Φ16mm）','150mm²（Φ16mm）','CC11-150/150','9','150#×2','MJ-76×4','','',NULL,6),(142,'185mm²','185mm²','CC11-185/185','9','150#×2','MJ-76×4','','',NULL,6),(143,'240mm²','240mm²','CC11-240/240','10','200#×2','MJ-76×4','','',NULL,6),(144,'16mm²','16mm²','CC14-16/16','5','45#','MJ-58×4','','',NULL,7),(145,'25mm²','25mm²','CC14-25/25','5','65#','MJ-58×4','','',NULL,7),(146,'35mm²','35mm²','CC14-35/35','5','90#','MJ-58×4','','',NULL,7),(147,'Φ8mm','Φ8mm','CC14-D8/D8','5','115#','MJ-58×4','','',NULL,7),(148,'50mm²','50mm²','CC14-50/50','5','115#','MJ-58×4','','',NULL,7),(149,'50mm²','35mm²','CC14-50/35','5','115#','MJ-58×4','','',NULL,7),(150,'50mm²','25mm²','CC14-50/25','5','115#','MJ-58×4','','',NULL,7),(151,'Φ10mm','Φ10mm','CC14-D10/D10','5','115#','MJ-58×4','','',NULL,7),(152,'70mm²','70mm²','CC14-70/70','5','150#','MJ-58×4','','',NULL,7),(153,'70mm²','50mm²','CC14-70/50','5','150#','MJ-58×4','','',NULL,7),(154,'70mm²','35mm²','CC14-70/35','5','115#','MJ-58×4','','',NULL,7),(155,'70mm²','25mm²','CC14-70/25','5','115#','MJ-58×4','','',NULL,7),(156,'95mm²','95mm²','CC14-95/95','5','150#','MJ-58×4','','',NULL,7),(157,'95mm²','70mm²','CC14-95/70','5','150#','MJ-58×4','','',NULL,7),(158,'95mm²','50mm²','CC14-95/50','5','150#','MJ-58×4','','',NULL,7),(159,'95mm²','35mm²','CC14-95/35','5','115#','MJ-58×4','','',NULL,7),(160,'120mm²（Φ14mm）','120mm²（Φ14mm）','CC14-120/120','5','200#','MJ-58×4','','',NULL,7),(161,'120mm²（Φ14mm）','95mm²','CC14-120/95','5','200#','MJ-58×4','','',NULL,7),(162,'120mm²（Φ14mm）','70mm²','CC14-120/70','5','200#','MJ-58×4','','',NULL,7),(163,'120mm²（Φ14mm）','50mm²','CC14-120/50','5','150#','MJ-58×4','','',NULL,7),(164,'150mm²（Φ16mm）','150mm²（Φ16mm）','CC14-150/150','6','150#×2','MJ-58×4','','',NULL,7),(165,'150mm²（Φ16mm）','120mm²（Φ14mm）','CC14-150/150','6','250#','MJ-58×4','','',NULL,7),(166,'150mm²（Φ16mm）','95mm²','CC14-150/150','6','200#','MJ-58×4','','',NULL,7),(167,'150mm²（Φ16mm）','70mm²','CC14-150/150','6','200#','MJ-58×4','','',NULL,7),(168,'185mm²','185mm²','CC14-185/185','6','150#×2','MJ-58×4','','',NULL,7),(169,'185mm²','150mm²（Φ16mm）','CC14-185/150','6','250#','MJ-58×4','','',NULL,7),(170,'185mm²','120mm²（Φ14mm）','CC14-185/120','6','250#','MJ-58×4','','',NULL,7),(171,'185mm²','95mm²','CC14-185/95','6','250#','MJ-58×4','','',NULL,7),(172,'35mm²','Φ12.7mm','CR1-35/D12.7','4','90#','MJ-58×4S','','',NULL,8),(173,'50mm²','Φ12.7mm','CR1-50/D12.7','4','90#','MJ-58×4S','','',NULL,8),(174,'Φ10mm','Φ12.7mm','CR1-D10/D12.7','4','90#','MJ-58×4S','','',NULL,8),(175,'70mm²','Φ12.7mm','CR1-70/D12.7','4','90#','MJ-58×4S','','',NULL,8),(176,'95mm²','Φ12.7mm','CR1-95/D12.7','4','115#','MJ-58×4S','','',NULL,8),(177,'120mm²','Φ12.7mm','CR1-120/D12.7','4','115#','MJ-58×4S','','',NULL,8),(178,'35mm²','Φ14.2mm','CR1-35/D14.2','4','115#','MJ-58×4S','','',NULL,8),(179,'50mm²','Φ14.2mm','CR1-50/D14.2','4','115#','MJ-58×4S','','',NULL,8),(180,'Φ10mm','Φ14.2mm','CR1-D10/D14.2','4','115#','MJ-58×4S','','',NULL,8),(181,'70mm²','Φ14.2mm','CR1-70/D14.2','4','115#','MJ-58×4S','','',NULL,8),(182,'95mm²','Φ14.2mm','CR1-95/D14.2','4','115#','MJ-58×4S','','',NULL,8),(183,'120mm²','Φ14.2mm','CR1-120/D14.2','4','115#','MJ-58×4S','','',NULL,8),(184,'150mm²','Φ14.2mm','CR1-150/D14.2','4','150#','MJ-58×4S','','',NULL,8),(185,'185mm²','Φ14.2mm','CR1-185/D14.2','4','200#','MJ-58×4S','','',NULL,8),(186,'50mm²','Φ17.2mm','CR1-50/D17.2','4','115#','MJ-58×4S','','',NULL,8),(187,'Φ10mm','Φ17.2mm','CR1-D10/D17.2','4','115#','MJ-58×4S','','',NULL,8),(188,'70mm²','Φ17.2mm','CR1-70/D17.2','4','150#','MJ-58×4S','','',NULL,8),(189,'95mm²','Φ17.2mm','CR1-95/D17.2','4','150#','MJ-58×4S','','',NULL,8),(190,'120mm²','Φ17.2mm','CR1-120/D17.2','4','150#','MJ-58×4S','','',NULL,8),(191,'150mm²','Φ17.2mm','CR1-150/D17.2','4','200#','MJ-58×4S','','',NULL,8),(192,'185mm²','Φ17.2mm','CR1-185/D17.2','4','200#','MJ-58×4S','','',NULL,8),(193,'Φ10mm','Φ18mm','CR1-D10/D18','4','115#','MJ-58×4S','','',NULL,8),(194,'70mm²','Φ18mm','CR1-70/D18','4','115#','MJ-58×4S','','',NULL,8),(195,'95mm²','Φ18mm','CR1-95/D18','4','150#','MJ-58×4S','','',NULL,8),(196,'120mm²','Φ18mm','CR1-120/D18','4','200#','MJ-58×4S','','',NULL,8),(197,'150mm²','Φ18mm','CR1-150/D18','4','200#','MJ-58×4S','','',NULL,8),(198,'185mm²','Φ18mm','CR1-185/D18','5','250#','MJ-58×4S','','',NULL,8),(199,'70mm²','Φ20mm','CR1-70/D20','4','150#','MJ-58×4S','','',NULL,8),(200,'95mm²','Φ20mm','CR1-95/D20','4','200#','MJ-58×4S','','',NULL,8),(201,'120mm²','Φ20mm','CR1-120/D20','4','200#','MJ-58×4S','','',NULL,8),(202,'150mm²','Φ20mm','CR1-150/D20','5','250#','MJ-58×4S','','',NULL,8),(203,'185mm²','Φ20mm','CR1-185/D20','5','250#','MJ-58×4S','','',NULL,8),(204,'95mm²','Φ22mm','CR1-95/D22','5','250#','MJ-58×4S','','',NULL,8),(205,'120mm²','Φ22mm','CR1-120/D22','5','250#','MJ-58×4S','','',NULL,8),(206,'150mm²','Φ22mm','CR1-150/D22','5','250#','MJ-58×4S','','',NULL,8),(207,'185mm²','Φ22mm','CR1-185/D22','5','250#','MJ-58×4S','','',NULL,8),(208,'120mm²','Φ25mm','CR1-120/D25','5','250#','MJ-58×4S','','',NULL,8),(209,'150mm²','Φ25mm','CR1-150/D25','5','250#','MJ-58×4S','','',NULL,8),(210,'185mm²','Φ25mm','CR1-185/D25','5','150#×2','MJ-58×4S','','',NULL,8),(211,'35mm²','Φ12.7mm','CR2-35/D12.7','4','90#','MJ-58×4S','','',NULL,9),(212,'50mm²','Φ12.7mm','CR2-50/D12.7','4','90#','MJ-58×4S','','',NULL,9),(213,'Φ10mm','Φ12.7mm','CR2-D10/D12.7','4','90#','MJ-58×4S','','',NULL,9),(214,'70mm²','Φ12.7mm','CR2-70/D12.7','4','90#','MJ-58×4S','','',NULL,9),(215,'95mm²','Φ12.7mm','CR2-95/D12.7','4','115#','MJ-58×4S','','',NULL,9),(216,'120mm²','Φ12.7mm','CR2-120/D12.7','4','150#','MJ-58×4S','','',NULL,9),(217,'35mm²','Φ14.2mm','CR2-35/D14.2','4','90#','MJ-58×4S','','',NULL,9),(218,'50mm²','Φ14.2mm','CR2-50/D14.2','4','90#','MJ-58×4S','','',NULL,9),(219,'Φ10mm','Φ14.2mm','CR2-D10/D14.2','4','115#','MJ-58×4S','','',NULL,9),(220,'70mm²','Φ14.2mm','CR2-70/D14.2','4','150#','MJ-58×4S','','',NULL,9),(221,'95mm²','Φ14.2mm','CR2-95/D14.2','4','150#','MJ-58×4S','','',NULL,9),(222,'120mm²','Φ14.2mm','CR2-120/D14.2','4','150#','MJ-58×4S','','',NULL,9),(223,'150mm²','Φ14.2mm','CR2-150/D14.2','4','200#','MJ-58×4S','','',NULL,9),(224,'185mm²','Φ14.2mm','CR2-185/D14.2','4','200#','MJ-58×4S','','',NULL,9),(225,'50mm²','Φ17.2mm','CR2-50/D17.2','4','115#','MJ-58×4S','','',NULL,9),(226,'Φ10mm','Φ17.2mm','CR2-D10/D17.2','4','115#','MJ-58×4S','','',NULL,9),(227,'70mm²','Φ17.2mm','CR2-70/D17.2','4','150#','MJ-58×4S','','',NULL,9),(228,'95mm²','Φ17.2mm','CR2-95/D17.2','4','150#','MJ-58×4S','','',NULL,9),(229,'120mm²','Φ17.2mm','CR2-120/D17.2','4','150#','MJ-58×4S','','',NULL,9),(230,'150mm²','Φ17.2mm','CR2-150/D17.2','4','200#','MJ-58×4S','','',NULL,9),(231,'185mm²','Φ17.2mm','CR2-185/D17.2','4','200#','MJ-58×4S','','',NULL,9),(232,'Φ10mm','Φ18mm','CR2-D10/D18','4','115#','MJ-58×4S','','',NULL,9),(233,'70mm²','Φ18mm','CR2-70/D18','4','150#','MJ-58×4S','','',NULL,9),(234,'95mm²','Φ18mm','CR2-95/D18','4','150#','MJ-58×4S','','',NULL,9),(235,'120mm²','Φ18mm','CR2-120/D18','4','200#','MJ-58×4S','','',NULL,9),(236,'150mm²','Φ18mm','CR2-150/D18','4','200#','MJ-58×4S','','',NULL,9),(237,'185mm²','Φ18mm','CR2-185/D18','5','250#','MJ-58×4S','','',NULL,9),(238,'70mm²','Φ20mm','CR2-70/D20','4','150#','MJ-58×4S','','',NULL,9),(239,'95mm²','Φ20mm','CR2-95/D20','4','200#','MJ-58×4S','','',NULL,9),(240,'120mm²','Φ20mm','CR2-120/D20','4','200#','MJ-58×4S','','',NULL,9),(241,'150mm²','Φ20mm','CR2-150/D20','5','250#','MJ-58×4S','','',NULL,9),(242,'185mm²','Φ20mm','CR2-185/D20','5','250#','MJ-58×4S','','',NULL,9),(243,'95mm²','Φ22mm','CR2-95/D22','5','250#','MJ-58×4S','','',NULL,9),(244,'120mm²','Φ22mm','CR2-120/D22','5','250#','MJ-58×4S','','',NULL,9),(245,'150mm²','Φ22mm','CR2-150/D22','5','250#','MJ-58×4S','','',NULL,9),(246,'185mm²','Φ22mm','CR2-185/D22','5','250#','MJ-58×4S','','',NULL,9),(247,'120mm²','Φ25mm','CR2-120/D25','5','250#','MJ-58×4S','','',NULL,9),(248,'150mm²','Φ25mm','CR2-150/D25','5','250#','MJ-58×4S','','',NULL,9),(249,'185mm²','Φ25mm','CR2-185/D25','5','150#×2','MJ-58×4S','','',NULL,9),(250,'35mm²','Φ12.7mm','CR3-35/D12.7','9','115#','MJ-58×4S','','',NULL,10),(251,'50mm²','Φ12.7mm','CR3-50/D12.7','9','150#','MJ-58×4S','','',NULL,10),(252,'Φ10mm','Φ12.7mm','CR3-D10/D12.7','9','150#','MJ-58×4S','','',NULL,10),(253,'70mm²','Φ12.7mm','CR3-70/D12.7','9','150#','MJ-58×4S','','',NULL,10),(254,'95mm²','Φ12.7mm','CR3-95/D12.7','9','200#','MJ-58×4S','','',NULL,10),(255,'120mm²','Φ12.7mm','CR3-120/D12.7','9','200#','MJ-58×4S','','',NULL,10),(256,'35mm²','Φ14.2mm','CR3-35/D14.2','9','150#','MJ-58×4S','','',NULL,10),(257,'50mm²','Φ14.2mm','CR3-50/D14.2','9','150#','MJ-58×4S','','',NULL,10),(258,'Φ10mm','Φ14.2mm','CR3-D10/D14.2','9','200#','MJ-58×4S','','',NULL,10),(259,'70mm²','Φ14.2mm','CR3-70/D14.2','9','200#','MJ-58×4S','','',NULL,10),(260,'95mm²','Φ14.2mm','CR3-95/D14.2','10','250#','MJ-58×4S','','',NULL,10),(261,'120mm²','Φ14.2mm','CR3-120/D14.2','10','250#','MJ-58×4S','','',NULL,10),(262,'150mm²','Φ14.2mm','CR3-150/D14.2','10','150#×2','MJ-58×4S','','',NULL,10),(263,'185mm²','Φ14.2mm','CR3-185/D14.2','10','150#×2','MJ-58×4S','','',NULL,10),(264,'50mm²','Φ17.2mm','CR3-50/D17.2','9','200#','MJ-58×4S','','',NULL,10),(265,'Φ10mm','Φ17.2mm','CR3-D10/D17.2','9','200#','MJ-58×4S','','',NULL,10),(266,'70mm²','Φ17.2mm','CR3-70/D17.2','10','250#','MJ-58×4S','','',NULL,10),(267,'95mm²','Φ17.2mm','CR3-95/D17.2','10','250#','MJ-58×4S','','',NULL,10),(268,'120mm²','Φ17.2mm','CR3-120/D17.2','10','250#','MJ-58×4S','','',NULL,10),(269,'150mm²','Φ17.2mm','CR3-150/D17.2','10','150#×2','MJ-58×4S','','',NULL,10),(270,'185mm²','Φ17.2mm','CR3-185/D17.2','10','150#×2','MJ-58×4S','','',NULL,10),(271,'Φ10mm','Φ18mm','CR3-D10/D18','9','200#','MJ-58×4S','','',NULL,10),(272,'70mm²','Φ18mm','CR3-70/D18','10','250#','MJ-58×4S','','',NULL,10),(273,'95mm²','Φ18mm','CR3-95/D18','10','250#','MJ-58×4S','','',NULL,10),(274,'120mm²','Φ18mm','CR3-120/D18','10','150#×2','MJ-58×4S','','',NULL,10),(275,'150mm²','Φ18mm','CR3-150/D18','10','150#×2','MJ-58×4S','','',NULL,10),(276,'185mm²','Φ18mm','CR3-185/D18','10','150#×2','MJ-58×4S','','',NULL,10),(277,'70mm²','Φ20mm','CR3-70/D20','9','200#','MJ-58×4S','','',NULL,10),(278,'95mm²','Φ20mm','CR3-95/D20','10','250#','MJ-58×4S','','',NULL,10),(279,'120mm²','Φ20mm','CR3-120/D20','10','150#×2','MJ-58×4S','','',NULL,10),(280,'150mm²','Φ20mm','CR3-150/D20','11','200#+150#','MJ-58×4S','','',NULL,10),(281,'185mm²','Φ20mm','CR3-185/D20','11','200#×2','MJ-58×4S','','',NULL,10),(282,'95mm²','Φ22mm','CR3-95/D22','10','150#×2','MJ-58×4S','','',NULL,10),(283,'120mm²','Φ22mm','CR3-120/D22','10','150#×2','MJ-58×4S','','',NULL,10),(284,'150mm²','Φ22mm','CR3-150/D22','11','200#+150#','MJ-58×4S','','',NULL,10),(285,'185mm²','Φ22mm','CR3-185/D22','11','200#×2','MJ-58×4S','','',NULL,10),(286,'120mm²','Φ25mm','CR3-120/D25','11','200#+150#','MJ-58×4S','','',NULL,10),(287,'150mm²','Φ25mm','CR3-150/D25','11','200#×2','MJ-58×4S','','',NULL,10),(288,'185mm²','Φ25mm','CR3-185/D25','11','200#×2','MJ-58×4S','','',NULL,10),(289,'20mm×4mm','20mm×4mm','BB1-204/204','4','65#','MJ-58×4S','','',NULL,11),(290,'20mm×5mm','20mm×5mm','BB1-205/205','4','65#','MJ-58×4S','','',NULL,11),(291,'25mm×4mm','25mm×4mm','BB1-254/254','4','90#','MJ-58×4S','','',NULL,11),(292,'30mm×3mm','30mm×3mm','BB1-303/303','4','90#','MJ-58×4S','','',NULL,11),(293,'30mm×4mm','30mm×4mm','BB1-304/304','4','115#','MJ-58×4S','','',NULL,11),(294,'40mm×3mm','40mm×3mm','BB1-403/403','4','115#','MJ-58×4S','','',NULL,11),(295,'40mm×4mm','40mm×4mm','BB1-404/404','4','150#','MJ-58×4S','','',NULL,11),(296,'40mm×5mm','40mm×5mm','BB1-405/405','4','150#','MJ-58×4S','','',NULL,11),(297,'40mm×6mm','40mm×6mm','BB1-406/406','4','200#','MJ-58×4S','','',NULL,11),(298,'50mm×5mm','50mm×5mm','BB1-505/505','5','200#','MJ-58×4S','','',NULL,11),(299,'50mm×6mm','50mm×6mm','BB1-506/506','5','250#','MJ-58×4S','','',NULL,11),(300,'60mm×6mm','60mm×6mm','BB1-606/606','6','150#×2','MJ-58×4S','','',NULL,11),(301,'25mm×4mm','25mm×4mm','BB1-254/606','4','250#','MJ-58×4S','','',NULL,11),(302,'40mm×4mm','40mm×4mm','BB1-404/505','4','250#','MJ-58×4S','','',NULL,11),(303,'40mm×4mm','40mm×4mm','BB1-404/606','4','150#×2','MJ-58×4S','','',NULL,11),(304,'25mm×4mm','2根25mm×4mm','BB2-254/254','4','115#','MJ-58×4S','','',NULL,11),(305,'30mm×4mm','2根30mm×4mm','BB2-304/304','4','150#','MJ-58×4S','','',NULL,11),(306,'40mm×4mm','2根40mm×4mm','BB2-404/404','4','200#','MJ-58×4S','','',NULL,11),(307,'50mm×5mm','2根50mm×5mm','BB2-505/505','5','250#','MJ-58×4S','','',NULL,11),(308,'2根25mm×4mm','2根25mm×4mm','BB11-254/254','4','150#','MJ-58×4S','','',NULL,11),(309,'2根30mm×4mm','2根30mm×4mm','BB11-304/304','4','200#','MJ-58×4S','','',NULL,11),(310,'2根40mm×4mm','2根40mm×4mm','BB11-404/404','5','250#','MJ-58×4S','','',NULL,11),(311,'2根50mm×5mm','2根50mm×5mm','BB11-505/505','6','150#×2','MJ-58×4S','','',NULL,11),(312,'20mm×4mm','20mm×4mm','BB3-204/204','4','65#','MJ-58×4S','','',NULL,12),(313,'20mm×5mm','20mm×5mm','BB3-205/205','4','90#','MJ-58×4S','','',NULL,12),(314,'25mm×4mm','25mm×4mm','BB3-254/254','4','90#','MJ-58×4S','','',NULL,12),(315,'30mm×3mm','30mm×3mm','BB3-303/303','4','115#','MJ-58×4S','','',NULL,12),(316,'30mm×4mm','30mm×4mm','BB3-304/304','4','115#','MJ-58×4S','','',NULL,12),(317,'40mm×3mm','40mm×3mm','BB3-403/403','4','150#','MJ-58×4S','','',NULL,12),(318,'40mm×4mm','40mm×4mm','BB3-404/404','4','150#','MJ-58×4S','','',NULL,12),(319,'40mm×5mm','40mm×5mm','BB3-405/405','4','150#','MJ-58×4S','','',NULL,12),(320,'40mm×6mm','40mm×6mm','BB3-406/406','4','200#','MJ-58×4S','','',NULL,12),(321,'50mm×5mm','50mm×5mm','BB3-505/505','5','250#','MJ-58×4S','','',NULL,12),(322,'50mm×6mm','50mm×6mm','BB3-506/506','5','150#×2','MJ-58×4S','','',NULL,12),(323,'60mm×6mm','60mm×6mm','BB3-606/606','6','200#×2','MJ-58×4S','','',NULL,12),(324,'20mm×4mm','20mm×4mm','BB7-204/204','4','65#','MJ-58×4','','',NULL,13),(325,'20mm×5mm','20mm×5mm','BB7-205/205','4','65#','MJ-58×4','','',NULL,13),(326,'25mm×4mm','25mm×4mm','BB7-254/254','4','90#','MJ-58×4','','',NULL,13),(327,'30mm×3mm','30mm×3mm','BB7-303/303','4','90#','MJ-58×4','','',NULL,13),(328,'30mm×4mm','30mm×4mm','BB7-304/304','4','115#','MJ-58×4','','',NULL,13),(329,'40mm×3mm','40mm×3mm','BB7-403/403','4','115#','MJ-58×4','','',NULL,13),(330,'40mm×4mm','40mm×4mm','BB7-404/404','4','150#','MJ-58×4','','',NULL,13),(331,'40mm×5mm','40mm×5mm','BB7-405/405','4','150#','MJ-58×4','','',NULL,13),(332,'40mm×6mm','40mm×6mm','BB7-406/406','4','200#','MJ-58×4','','',NULL,13),(333,'50mm×5mm','50mm×5mm','BB7-505/505','4','200#','MJ-58×4','','',NULL,13),(334,'50mm×6mm','50mm×6mm','BB7-506/506','5','250#','MJ-58×4','','',NULL,13),(335,'60mm×6mm','60mm×6mm','BB7-606/606','6','150#×2','MJ-58×4','','',NULL,13),(336,'25mm×4mm','50mm×5mm','BB7-254/505','4','200#','MJ-58×4','','',NULL,13),(337,'25mm×4mm','60mm×6mm','BB7-254/606','5','250#','MJ-58×4','','',NULL,13),(338,'30mm×4mm','40mm×4mm','BB7-304/404','4','150#','MJ-58×4','','',NULL,13),(339,'40mm×4mm','50mm×5mm','BB7-404/505','5','250#','MJ-58×4','','',NULL,13),(340,'40mm×4mm','60mm×6mm','BB7-404/606','6','150#×2','MJ-58×4','','',NULL,13),(341,'20mm×4mm','20mm×4mm','BB14-204/204','4','65#','MJ-58×4','','',NULL,14),(342,'20mm×5mm','20mm×5mm','BB14-205/205','4','65#','MJ-58×4','','',NULL,14),(343,'25mm×4mm','25mm×4mm','BB14-254/254','4','90#','MJ-58×4','','',NULL,14),(344,'30mm×3mm','30mm×3mm','BB14-303/303','4','90#','MJ-58×4','','',NULL,14),(345,'30mm×4mm','30mm×4mm','BB14-304/304','4','115#','MJ-58×4','','',NULL,14),(346,'40mm×3mm','40mm×3mm','BB14-403/403','4','115#','MJ-58×4','','',NULL,14),(347,'40mm×4mm','40mm×4mm','BB14-404/404','4','150#','MJ-58×4','','',NULL,14),(348,'40mm×5mm','40mm×5mm','BB14-405/405','4','150#','MJ-58×4','','',NULL,14),(349,'40mm×6mm','40mm×6mm','BB14-406/406','5','200#','MJ-58×4','','',NULL,14),(350,'50mm×5mm','50mm×5mm','BB14-505/505','5','200#','MJ-58×4','','',NULL,14),(351,'50mm×6mm','50mm×6mm','BB14-506/506','5','250#','MJ-58×4','','',NULL,14),(352,'60mm×6mm','60mm×6mm','BB14-606/606','6','150#×2','MJ-58×4','','',NULL,14),(353,'25mm×4mm','60mm×6mm','BB14-254/606','5','250#','MJ-58×4','','',NULL,14),(354,'40mm×4mm','50mm×5mm','BB14-404/505','5','250#','MJ-58×4','','',NULL,14),(355,'40mm×4mm','60mm×6mm','BB14-404/606','6','150#×2','MJ-58×4','','',NULL,14),(356,'60mm×6mm','25mm×4mm','BB14-606/254','4','150#','MJ-58×4','','',NULL,14),(357,'50mm×5mm','40mm×4mm','BB14-505/404','4','150#','MJ-58×4','','',NULL,14),(358,'40mm×6mm','50mm×5mm','BB14-406/505','5','200#','MJ-58×4','','',NULL,14),(359,'30mm×4mm','40mm×4mm','BB14-304/404','4','150#','MJ-58×4','','',NULL,14),(360,'20mm×4mm','20mm×4mm','BB41-204/204','4','90#','MJ-58×4SS','','',NULL,15),(361,'20mm×5mm','20mm×5mm','BB41-205/205','4','90#','MJ-58×4SS','','',NULL,15),(362,'25mm×4mm','25mm×4mm','BB41-254/254','4','115#','MJ-58×4SS','','',NULL,15),(363,'30mm×3mm','30mm×3mm','BB41-303/303','4','115#','MJ-58×4SS','','',NULL,15),(364,'30mm×4mm','30mm×4mm','BB41-304/304','4','150#','MJ-58×4SS','','',NULL,15),(365,'40mm×3mm','40mm×3mm','BB41-403/403','5','150#','MJ-58×4SS','','',NULL,15),(366,'40mm×4mm','40mm×4mm','BB41-404/404','5','200#','MJ-58×4SS','','',NULL,15),(367,'40mm×5mm','40mm×5mm','BB41-405/405','5','200#','MJ-58×4SS','','',NULL,15),(368,'40mm×6mm','40mm×6mm','BB41-406/406','6','200#','MJ-58×4SS','','',NULL,15),(369,'50mm×5mm','50mm×5mm','BB41-505/505','6','250#','MJ-58×4SS','','',NULL,15),(370,'50mm×6mm','50mm×6mm','BB41-506/506','6','150#×2','MJ-58×4SS','','',NULL,15),(371,'60mm×6mm','60mm×6mm','BB41-606/606','7','150#×2','MJ-58×4SS','','',NULL,15),(372,'20mm×4mm','20mm×4mm','BB41-204/204','4','115#','MJ-58×4SS','','',NULL,16),(373,'20mm×5mm','20mm×5mm','BB41-205/205','4','115#','MJ-58×4SS','','',NULL,16),(374,'25mm×4mm','25mm×4mm','BB41-254/254','4','150#','MJ-58×4SS','','',NULL,16),(375,'30mm×3mm','30mm×3mm','BB41-303/303','4','200#','MJ-58×4SS','','',NULL,16),(376,'30mm×4mm','30mm×4mm','BB41-304/304','4','200#','MJ-58×4SS','','',NULL,16),(377,'40mm×3mm','40mm×3mm','BB41-403/403','5','250#','MJ-58×4SS','','',NULL,16),(378,'40mm×4mm','40mm×4mm','BB41-404/404','5','250#','MJ-58×4SS','','',NULL,16),(379,'40mm×5mm','40mm×5mm','BB41-405/405','5','150#×2','MJ-58×4SS','','',NULL,16),(380,'40mm×6mm','40mm×6mm','BB41-406/406','6','200#×2','MJ-58×4SS','','',NULL,16),(381,'50mm×5mm','50mm×5mm','BB41-505/505','6','200#×2','MJ-58×4SS','','',NULL,16),(382,'50mm×6mm','50mm×6mm','BB41-506/506','6','200#×2','MJ-58×4SS','','',NULL,16),(383,'60mm×6mm','60mm×6mm','BB41-606/606','7','200#×2','MJ-58×4SS','','',NULL,16),(384,'20mm×4mm','Φ12.7mm','BR1-204/D12.7','5','90#','MJ-58×4S','','',NULL,17),(385,'20mm×5mm','Φ12.7mm','BR1-205/D12.7','5','90#','MJ-58×4S','','',NULL,17),(386,'25mm×4mm','Φ14.2mm','BR1-254/D12.7','5','115#','MJ-58×4S','','',NULL,17),(387,'30mm×3mm','Φ14.2mm','BR1-303/D12.7','5','115#','MJ-58×4S','','',NULL,17),(388,'30mm×4mm','Φ14.2mm','BR1-304/D12.7','5','150#','MJ-58×4S','','',NULL,17),(389,'40mm×3mm','Φ14.2mm','BR1-403/D12.7','5','200#','MJ-58×4S','','',NULL,17),(390,'40mm×4mm','Φ14.2mm','BR1-404/D12.7','5','200#','MJ-58×4S','','',NULL,17),(391,'40mm×5mm','Φ14.2mm','BR1-405/D12.7','5','200#','MJ-58×4S','','',NULL,17),(392,'40mm×6mm','Φ14.2mm','BR1-406/D12.7','5','200#','MJ-58×4S','','',NULL,17),(393,'50mm×5mm','Φ14.2mm','BR1-505/D12.7','6','250#','MJ-58×4S','','',NULL,17),(394,'50mm×6mm','Φ14.2mm','BR1-506/D12.7','6','250#','MJ-58×4S','','',NULL,17),(395,'60mm×6mm','Φ14.2mm','BR1-606/D12.7','7','200#+150#','MJ-58×4S','','',NULL,17),(396,'25mm×4mm','Φ16mm','BR1-254/D16','5','150#','MJ-58×4S','','',NULL,17),(397,'30mm×4mm','Φ16mm','BR1-304/D16','5','150#','MJ-58×4S','','',NULL,17),(398,'40mm×4mm','Φ16mm','BR1-404/D16','5','200#','MJ-58×4S','','',NULL,17),(399,'50mm×5mm','Φ16mm','BR1-505/D16','6','250#','MJ-58×4S','','',NULL,17),(400,'30mm×4mm','Φ17.2mm','BR1-304/D17.2','5','150#','MJ-58×4S','','',NULL,17),(401,'40mm×3mm','Φ17.2mm','BR1-403/D17.2','5','200#','MJ-58×4S','','',NULL,17),(402,'40mm×4mm','Φ17.2mm','BR1-404/D17.2','5','200#','MJ-58×4S','','',NULL,17),(403,'40mm×5mm','Φ17.2mm','BR1-405/D17.2','5','200#','MJ-58×4S','','',NULL,17),(404,'40mm×6mm','Φ17.2mm','BR1-406/D17.2','5','200#','MJ-58×4S','','',NULL,17),(405,'50mm×5mm','Φ17.2mm','BR1-505/D17.2','6','250#','MJ-58×4S','','',NULL,17),(406,'50mm×6mm','Φ17.2mm','BR1-506/D17.2','6','250#','MJ-58×4S','','',NULL,17),(407,'60mm×6mm','Φ17.2mm','BR1-606/D17.2','7','200#+150#','MJ-58×4S','','',NULL,17),(408,'25mm×4mm','Φ20mm','BR1-254/D20','5','150#','MJ-58×4S','','',NULL,17),(409,'30mm×3mm','Φ20mm','BR1-303/D20','5','150#','MJ-58×4S','','',NULL,17),(410,'30mm×4mm','Φ20mm','BR1-304/D20','5','200#','MJ-58×4S','','',NULL,17),(411,'40mm×3mm','Φ20mm','BR1-403/D20','5','200#','MJ-58×4S','','',NULL,17),(412,'40mm×4mm','Φ20mm','BR1-404/D20','5','200#','MJ-58×4S','','',NULL,17),(413,'40mm×5mm','Φ20mm','BR1-405/D20','5','200#','MJ-58×4S','','',NULL,17),(414,'40mm×6mm','Φ20mm','BR1-406/D20','5','200#','MJ-58×4S','','',NULL,17),(415,'50mm×5mm','Φ20mm','BR1-505/D20','6','250#','MJ-58×4S','','',NULL,17),(416,'50mm×6mm','Φ20mm','BR1-506/D20','6','250#','MJ-58×4S','','',NULL,17),(417,'60mm×6mm','Φ20mm','BR1-606/D20','7','200#+150#','MJ-58×4S','','',NULL,17),(418,'40mm×4mm','Φ22mm','BR1-404/D22','6','250#','MJ-58×4S','','',NULL,17),(419,'40mm×5mm','Φ22mm','BR1-405/D22','6','250#','MJ-58×4S','','',NULL,17),(420,'40mm×6mm','Φ22mm','BR1-406/D22','6','250#','MJ-58×4S','','',NULL,17),(421,'50mm×5mm','Φ22mm','BR1-505/D22','6','150#×2','MJ-58×4S','','',NULL,17),(422,'40mm×4mm','Φ25mm','BR1-404/D25','6','150#×2','MJ-58×4S','','',NULL,17),(423,'40mm×5mm','Φ25mm','BR1-405/D25','6','150#×2','MJ-58×4S','','',NULL,17),(424,'40mm×6mm','Φ25mm','BR1-406/D25','6','150#×2','MJ-58×4S','','',NULL,17),(425,'50mm×5mm','Φ25mm','BR1-505/D25','6','150#×2','MJ-58×4S','','',NULL,17),(426,'50mm×6mm','Φ25mm','BR1-506/D25','7','200#+150#','MJ-58×4S','','',NULL,17),(427,'60mm×6mm','Φ25mm','BR1-606/D25','7','200#×2','MJ-58×4S','','',NULL,17),(428,'20mm×4mm','Φ12.7mm','BR2-204/D12.7','4','90#','MJ-58×4S','','',NULL,18),(429,'20mm×5mm','Φ12.7mm','BR2-205/D12.7','4','90#','MJ-58×4S','','',NULL,18),(430,'25mm×4mm','Φ14.2mm','BR2-254/D12.7','4','115#','MJ-58×4S','','',NULL,18),(431,'30mm×3mm','Φ14.2mm','BR2-303/D12.7','4','115#','MJ-58×4S','','',NULL,18),(432,'30mm×4mm','Φ14.2mm','BR2-304/D12.7','4','150#','MJ-58×4S','','',NULL,18),(433,'40mm×3mm','Φ14.2mm','BR2-403/D12.7','4','150#','MJ-58×4S','','',NULL,18),(434,'40mm×4mm','Φ14.2mm','BR2-404/D12.7','4','200#','MJ-58×4S','','',NULL,18),(435,'40mm×5mm','Φ14.2mm','BR2-405/D12.7','4','200#','MJ-58×4S','','',NULL,18),(436,'40mm×6mm','Φ14.2mm','BR2-406/D12.7','5','250#','MJ-58×4S','','',NULL,18),(437,'50mm×5mm','Φ14.2mm','BR2-505/D12.7','5','250#','MJ-58×4S','','',NULL,18),(438,'50mm×6mm','Φ14.2mm','BR2-506/D12.7','5','150#×2','MJ-58×4S','','',NULL,18),(439,'60mm×6mm','Φ14.2mm','BR2-606/D12.7','6','200#+150#','MJ-58×4S','','',NULL,18),(440,'25mm×4mm','Φ16mm','BR2-254/D16','4','150#','MJ-58×4S','','',NULL,18),(441,'30mm×4mm','Φ16mm','BR2-304/D16','4','150#','MJ-58×4S','','',NULL,18),(442,'40mm×4mm','Φ16mm','BR2-404/D16','4','200#','MJ-58×4S','','',NULL,18),(443,'50mm×5mm','Φ16mm','BR2-505/D16','5','250#','MJ-58×4S','','',NULL,18),(444,'30mm×4mm','Φ17.2mm','BR2-304/D17.2','4','150#','MJ-58×4S','','',NULL,18),(445,'40mm×3mm','Φ17.2mm','BR2-403/D17.2','4','200#','MJ-58×4S','','',NULL,18),(446,'40mm×4mm','Φ17.2mm','BR2-404/D17.2','4','200#','MJ-58×4S','','',NULL,18),(447,'40mm×5mm','Φ17.2mm','BR2-405/D17.2','5','250#','MJ-58×4S','','',NULL,18),(448,'40mm×6mm','Φ17.2mm','BR2-406/D17.2','5','250#','MJ-58×4S','','',NULL,18),(449,'50mm×5mm','Φ17.2mm','BR2-505/D17.2','5','250#','MJ-58×4S','','',NULL,18),(450,'50mm×6mm','Φ17.2mm','BR2-506/D17.2','5','150#×2','MJ-58×4S','','',NULL,18),(451,'60mm×6mm','Φ17.2mm','BR2-606/D17.2','6','200#+150#','MJ-58×4S','','',NULL,18),(452,'25mm×4mm','Φ20mm','BR2-254/D20','4','150#','MJ-58×4S','','',NULL,18),(453,'30mm×3mm','Φ20mm','BR2-303/D20','4','150#','MJ-58×4S','','',NULL,18),(454,'30mm×4mm','Φ20mm','BR2-304/D20','4','200#','MJ-58×4S','','',NULL,18),(455,'40mm×3mm','Φ20mm','BR2-403/D20','4','200#','MJ-58×4S','','',NULL,18),(456,'40mm×4mm','Φ20mm','BR2-404/D20','4','200#','MJ-58×4S','','',NULL,18),(457,'40mm×5mm','Φ20mm','BR2-405/D20','5','250#','MJ-58×4S','','',NULL,18),(458,'40mm×6mm','Φ20mm','BR2-406/D20','5','250#','MJ-58×4S','','',NULL,18),(459,'50mm×5mm','Φ20mm','BR2-505/D20','5','250#','MJ-58×4S','','',NULL,18),(460,'50mm×6mm','Φ20mm','BR2-506/D20','5','150#×2','MJ-58×4S','','',NULL,18),(461,'60mm×6mm','Φ20mm','BR2-606/D20','6','200#+150#','MJ-58×4S','','',NULL,18),(462,'40mm×4mm','Φ22mm','BR2-404/D22','5','250#','MJ-58×4S','','',NULL,18),(463,'40mm×5mm','Φ22mm','BR2-405/D22','5','250#','MJ-58×4S','','',NULL,18),(464,'40mm×6mm','Φ22mm','BR2-406/D22','5','250#','MJ-58×4S','','',NULL,18),(465,'50mm×5mm','Φ22mm','BR2-505/D22','5','250#','MJ-58×4S','','',NULL,18),(466,'40mm×4mm','Φ25mm','BR2-404/D25','5','250#','MJ-58×4S','','',NULL,18),(467,'40mm×5mm','Φ25mm','BR2-405/D25','5','250#','MJ-58×4S','','',NULL,18),(468,'40mm×6mm','Φ25mm','BR2-406/D25','5','250#','MJ-58×4S','','',NULL,18),(469,'50mm×5mm','Φ25mm','BR2-505/D25','5','150#×2','MJ-58×4S','','',NULL,18),(470,'50mm×6mm','Φ25mm','BR2-506/D25','5','150#×2','MJ-58×4S','','',NULL,18),(471,'60mm×6mm','Φ25mm','BR2-606/D25','6','200#×2','MJ-58×4S','','',NULL,18),(472,'20mm×4mm','Φ12.7mm','BR3-204/D12.7','5','90#','MJ-58×4S','','',NULL,19),(473,'20mm×5mm','Φ12.7mm','BR3-205/D12.7','5','90#','MJ-58×4S','','',NULL,19),(474,'25mm×4mm','Φ14.2mm','BR3-254/D12.7','5','115#','MJ-58×4S','','',NULL,19),(475,'30mm×3mm','Φ14.2mm','BR3-303/D12.7','5','115#','MJ-58×4S','','',NULL,19),(476,'30mm×4mm','Φ14.2mm','BR3-304/D12.7','5','150#','MJ-58×4S','','',NULL,19),(477,'40mm×3mm','Φ14.2mm','BR3-403/D12.7','5','150#','MJ-58×4S','','',NULL,19),(478,'40mm×4mm','Φ14.2mm','BR3-404/D12.7','5','150#','MJ-58×4S','','',NULL,19),(479,'40mm×5mm','Φ14.2mm','BR3-405/D12.7','5','150#','MJ-58×4S','','',NULL,19),(480,'40mm×6mm','Φ14.2mm','BR3-406/D12.7','6','200#','MJ-58×4S','','',NULL,19),(481,'50mm×5mm','Φ14.2mm','BR3-505/D12.7','6','200#','MJ-58×4S','','',NULL,19),(482,'50mm×6mm','Φ14.2mm','BR3-506/D12.7','6','250#','MJ-58×4S','','',NULL,19),(483,'60mm×6mm','Φ14.2mm','BR3-606/D12.7','7','250#','MJ-58×4S','','',NULL,19),(484,'25mm×4mm','Φ16mm','BR3-254/D16','5','150#','MJ-58×4S','','',NULL,19),(485,'30mm×4mm','Φ16mm','BR3-304/D16','5','150#','MJ-58×4S','','',NULL,19),(486,'40mm×4mm','Φ16mm','BR3-404/D16','5','200#','MJ-58×4S','','',NULL,19),(487,'50mm×5mm','Φ16mm','BR3-505/D16','6','250#','MJ-58×4S','','',NULL,19),(488,'30mm×4mm','Φ17.2mm','BR3-304/D17.2','5','200#','MJ-58×4S','','',NULL,19),(489,'40mm×3mm','Φ17.2mm','BR3-403/D17.2','5','150#','MJ-58×4S','','',NULL,19),(490,'40mm×4mm','Φ17.2mm','BR3-404/D17.2','5','200#','MJ-58×4S','','',NULL,19),(491,'40mm×5mm','Φ17.2mm','BR3-405/D17.2','5','200#','MJ-58×4S','','',NULL,19),(492,'40mm×6mm','Φ17.2mm','BR3-406/D17.2','5','250#','MJ-58×4S','','',NULL,19),(493,'50mm×5mm','Φ17.2mm','BR3-505/D17.2','6','250#','MJ-58×4S','','',NULL,19),(494,'50mm×6mm','Φ17.2mm','BR3-506/D17.2','6','250#','MJ-58×4S','','',NULL,19),(495,'60mm×6mm','Φ17.2mm','BR3-606/D17.2','7','150#×2','MJ-58×4S','','',NULL,19),(496,'25mm×4mm','Φ20mm','BR3-254/D20','5','200#','MJ-58×4S','','',NULL,19),(497,'30mm×3mm','Φ20mm','BR3-303/D20','5','150#','MJ-58×4S','','',NULL,19),(498,'30mm×4mm','Φ20mm','BR3-304/D20','5','200#','MJ-58×4S','','',NULL,19),(499,'40mm×3mm','Φ20mm','BR3-403/D20','5','200#','MJ-58×4S','','',NULL,19),(500,'40mm×4mm','Φ20mm','BR3-404/D20','5','200#','MJ-58×4S','','',NULL,19),(501,'40mm×5mm','Φ20mm','BR3-405/D20','5','200#','MJ-58×4S','','',NULL,19),(502,'40mm×6mm','Φ20mm','BR3-406/D20','5','250#','MJ-58×4S','','',NULL,19),(503,'50mm×5mm','Φ20mm','BR3-505/D20','6','250#','MJ-58×4S','','',NULL,19),(504,'50mm×6mm','Φ20mm','BR3-506/D20','6','250#','MJ-58×4S','','',NULL,19),(505,'60mm×6mm','Φ20mm','BR3-606/D20','7','150#×2','MJ-58×4S','','',NULL,19),(506,'40mm×4mm','Φ22mm','BR3-404/D22','6','250#','MJ-58×4S','','',NULL,19),(507,'40mm×5mm','Φ22mm','BR3-405/D22','6','250#','MJ-58×4S','','',NULL,19),(508,'40mm×6mm','Φ22mm','BR3-406/D22','6','250#','MJ-58×4S','','',NULL,19),(509,'50mm×5mm','Φ22mm','BR3-505/D22','6','250#','MJ-58×4S','','',NULL,19),(510,'40mm×4mm','Φ25mm','BR3-404/D25','6','250#','MJ-58×4S','','',NULL,19),(511,'40mm×5mm','Φ25mm','BR3-405/D25','6','250#','MJ-58×4S','','',NULL,19),(512,'40mm×6mm','Φ25mm','BR3-406/D25','6','250#','MJ-58×4S','','',NULL,19),(513,'50mm×5mm','Φ25mm','BR3-505/D25','6','250#','MJ-58×4S','','',NULL,19),(514,'50mm×6mm','Φ25mm','BR3-506/D25','7','150#×2','MJ-58×4S','','',NULL,19),(515,'60mm×6mm','Φ25mm','BR3-606/D25','7','200#×2','MJ-58×4S','','',NULL,19),(516,'20mm×4mm','','BS1-204','5','90#','MJ-58×4','','',NULL,20),(517,'20mm×5mm','','BS1-205','5','90#','MJ-58×4','','',NULL,20),(518,'25mm×4mm','','BS1-254','5','115#','MJ-58×4','','',NULL,20),(519,'30mm×3mm','','BS1-303','5','150#','MJ-58×4','','',NULL,20),(520,'30mm×4mm','','BS1-304','5','150#','MJ-58×4','','',NULL,20),(521,'40mm×3mm','','BS1-403','5','200#','MJ-58×4','','',NULL,20),(522,'40mm×4mm','','BS1-404','5','200#','MJ-58×4','','',NULL,20),(523,'40mm×5mm','','BS1-405','5','200#','MJ-58×4','','',NULL,20),(524,'40mm×6mm','','BS1-406','6','250#','MJ-58×4','','',NULL,20),(525,'50mm×5mm','','BS1-505','6','250#','MJ-58×4','','',NULL,20),(526,'50mm×6mm','','BS1-506','6','150#×2','MJ-58×4','','',NULL,20),(527,'60mm×6mm','','BS1-606','7','200#×2','MJ-58×4','','',NULL,20),(528,'20mm×4mm','','BS2-204','5','90#','MJ-58×4','','',NULL,21),(529,'20mm×5mm','','BS2-205','5','90#','MJ-58×4','','',NULL,21),(530,'25mm×4mm','','BS2-254','5','115#','MJ-58×4','','',NULL,21),(531,'30mm×3mm','','BS2-303','5','150#','MJ-58×4','','',NULL,21),(532,'30mm×4mm','','BS2-304','5','150#','MJ-58×4','','',NULL,21),(533,'40mm×3mm','','BS2-403','5','200#','MJ-58×4','','',NULL,21),(534,'40mm×4mm','','BS2-404','5','200#','MJ-58×4','','',NULL,21),(535,'40mm×5mm','','BS2-405','5','200#','MJ-58×4','','',NULL,21),(536,'40mm×6mm','','BS2-406','6','250#','MJ-58×4','','',NULL,21),(537,'50mm×5mm','','BS2-505','6','250#','MJ-58×4','','',NULL,21),(538,'50mm×6mm','','BS2-506','6','150#×2','MJ-58×4','','',NULL,21),(539,'60mm×6mm','','BS2-606','7','200#×2','MJ-58×4','','',NULL,21),(540,'20mm×4mm','','BS3-204','5','115#','MJ-58×4','','',NULL,22),(541,'20mm×5mm','','BS3-205','5','115#','MJ-58×4','','',NULL,22),(542,'25mm×4mm','','BS3-254','5','150#','MJ-58×4','','',NULL,22),(543,'30mm×3mm','','BS3-303','5','150#','MJ-58×4','','',NULL,22),(544,'30mm×4mm','','BS3-304','5','150#','MJ-58×4','','',NULL,22),(545,'40mm×3mm','','BS3-403','5','200#','MJ-58×4','','',NULL,22),(546,'40mm×4mm','','BS3-404','5','250#','MJ-58×4','','',NULL,22),(547,'40mm×5mm','','BS3-405','5','250#','MJ-58×4','','',NULL,22),(548,'40mm×6mm','','BS3-406','6','250#','MJ-58×4','','',NULL,22),(549,'50mm×5mm','','BS3-505','6','150#×2','MJ-58×4','','',NULL,22),(550,'50mm×6mm','','BS3-506','6','150#×2','MJ-58×4','','',NULL,22),(551,'60mm×6mm','','BS3-606','7','200#×2','MJ-58×4','','',NULL,22),(552,'20mm×4mm','16mm²','CB1-204/16','4','45#','MJ-58×4','','',NULL,23),(553,'20mm×4mm','25mm²','CB1-204/25','4','45#','MJ-58×4','','',NULL,23),(554,'20mm×4mm','35mm²','CB1-204/35','4','45#','MJ-58×4','','',NULL,23),(555,'20mm×4mm','50mm²','CB1-204/50','4','65#','MJ-58×4','','',NULL,23),(556,'25mm×4mm','25mm²','CB1-254/25','4','65#','MJ-58×4','','',NULL,23),(557,'25mm×4mm','35mm²','CB1-254/35','4','65#','MJ-58×4','','',NULL,23),(558,'25mm×4mm','50mm²','CB1-254/50','4','65#','MJ-58×4','','',NULL,23),(559,'25mm×4mm','70mm²','CB1-254/70','4','90#','MJ-58×4','','',NULL,23),(560,'25mm×4mm','95mm²','CB1-254/95','4','90#','MJ-58×4','','',NULL,23),(561,'25mm×4mm','120mm²（Φ14mm）','CB1-254/120','4','115#','MJ-58×4','','',NULL,23),(562,'30mm×3mm','35mm²','CB1-303/35','4','90#','MJ-58×4','','',NULL,23),(563,'30mm×3mm','50mm²','CB1-303/50','4','90#','MJ-58×4','','',NULL,23),(564,'30mm×3mm','70mm²','CB1-303/70','4','90#','MJ-58×4','','',NULL,23),(565,'30mm×3mm','95mm²','CB1-303/95','4','115#','MJ-58×4','','',NULL,23),(566,'30mm×3mm','120mm²（Φ14mm）','CB1-303/120','4','150#','MJ-58×4','','',NULL,23),(567,'30mm×4mm','50mm²','CB1-304/50','4','90#','MJ-58×4','','',NULL,23),(568,'30mm×4mm','70mm²','CB1-304/70','4','115#','MJ-58×4','','',NULL,23),(569,'30mm×4mm','95mm²','CB1-304/95','4','115#','MJ-58×4','','',NULL,23),(570,'30mm×4mm','120mm²（Φ14mm）','CB1-304/120','4','150#','MJ-58×4','','',NULL,23),(571,'30mm×4mm','150mm²（Φ16mm）','CB1-304/150','4','150#','MJ-58×4','','',NULL,23),(572,'40mm×4mm','70mm²','CB1-404/70','4','115#','MJ-58×4','','',NULL,23),(573,'40mm×4mm','95mm²','CB1-404/95','4','150#','MJ-58×4','','',NULL,23),(574,'40mm×4mm','120mm²（Φ14mm）','CB1-404/120','4','150#','MJ-58×4','','',NULL,23),(575,'40mm×4mm','150mm²（Φ16mm）','CB1-404/150','4','150#','MJ-58×4','','',NULL,23),(576,'40mm×4mm','185mm²','CB1-404/185','4','200#','MJ-58×4','','',NULL,23),(577,'40mm×6mm','70mm²','CB1-406/70','4','150#','MJ-58×4','','',NULL,23),(578,'40mm×6mm','95mm²','CB1-406/95','4','150#','MJ-58×4','','',NULL,23),(579,'40mm×6mm','120mm²（Φ14mm）','CB1-406/120','4','150#','MJ-58×4','','',NULL,23),(580,'40mm×6mm','150mm²（Φ16mm）','CB1-406/150','4','200#','MJ-58×4','','',NULL,23),(581,'40mm×6mm','185mm²','CB1-406/185','4','200#','MJ-58×4','','',NULL,23),(582,'50mm×5mm','95mm²','CB1-505/95','4','200#','MJ-58×4','','',NULL,23),(583,'50mm×5mm','120mm²（Φ14mm）','CB1-505/120','4','200#','MJ-58×4','','',NULL,23),(584,'50mm×5mm','150mm²（Φ16mm）','CB1-505/150','4','200#','MJ-58×4','','',NULL,23),(585,'50mm×5mm','185mm²','CB1-505/185','5','250#','MJ-58×4','','',NULL,23),(586,'50mm×5mm','240mm²','CB1-505/240','6','150#×2','MJ-58×4','','',NULL,23),(587,'60mm×6mm','70mm²','CB1-606/70','5','250#','MJ-58×4','','',NULL,23),(588,'60mm×6mm','95mm²','CB1-606/95','5','250#','MJ-58×4','','',NULL,23),(589,'60mm×6mm','120mm²（Φ14mm）','CB1-606/120','5','250#','MJ-58×4','','',NULL,23),(590,'60mm×6mm','150mm²（Φ16mm）','CB1-606/150','6','150#×2','MJ-58×4','','',NULL,23),(591,'60mm×6mm','185mm²','CB1-606/185','6','150#×2','MJ-58×4','','',NULL,23),(592,'60mm×6mm','240mm²','CB1-606/240','6','200#+150#','MJ-58×4','','',NULL,23),(593,'80mm×8mm','95mm²','CB1-808/95','7','200#×2','MJ-58×4','','',NULL,23),(594,'80mm×8mm','120mm²（Φ14mm）','CB1-808/120','7','250#×2','MJ-58×4','','',NULL,23),(595,'80mm×8mm','150mm²（Φ16mm）','CB1-808/150','7','250#×2','MJ-58×4','','',NULL,23),(596,'80mm×8mm','185mm²','CB1-808/185','7','200#×3','MJ-58×4','','',NULL,23),(597,'80mm×8mm','240mm²','CB1-808/240','8','200#×3','MJ-58×4','','',NULL,23),(598,'20mm×4mm','16mm²','CB4-204/16','4','45#','MJ-58×4','','',NULL,24),(599,'20mm×4mm','25mm²','CB4-204/25','4','45#','MJ-58×4','','',NULL,24),(600,'20mm×4mm','35mm²','CB4-204/35','4','45#','MJ-58×4','','',NULL,24),(601,'20mm×4mm','50mm²','CB4-204/50','4','65#','MJ-58×4','','',NULL,24),(602,'25mm×4mm','25mm²','CB4-254/25','4','65#','MJ-58×4','','',NULL,24),(603,'25mm×4mm','35mm²','CB4-254/35','4','65#','MJ-58×4','','',NULL,24),(604,'25mm×4mm','50mm²','CB4-254/50','4','65#','MJ-58×4','','',NULL,24),(605,'25mm×4mm','70mm²','CB4-254/70','4','90#','MJ-58×4','','',NULL,24),(606,'25mm×4mm','95mm²','CB4-254/95','4','90#','MJ-58×4','','',NULL,24),(607,'25mm×4mm','120mm²（Φ14mm）','CB4-254/120','4','115#','MJ-58×4','','',NULL,24),(608,'30mm×3mm','35mm²','CB4-303/35','4','90#','MJ-58×4','','',NULL,24),(609,'30mm×3mm','50mm²','CB4-303/50','4','90#','MJ-58×4','','',NULL,24),(610,'30mm×3mm','70mm²','CB4-303/70','4','90#','MJ-58×4','','',NULL,24),(611,'30mm×3mm','95mm²','CB4-303/95','4','115#','MJ-58×4','','',NULL,24),(612,'30mm×3mm','120mm²（Φ14mm）','CB4-303/120','4','150#','MJ-58×4','','',NULL,24),(613,'30mm×4mm','50mm²','CB4-304/50','4','90#','MJ-58×4','','',NULL,24),(614,'30mm×4mm','70mm²','CB4-304/70','4','115#','MJ-58×4','','',NULL,24),(615,'30mm×4mm','95mm²','CB4-304/95','4','115#','MJ-58×4','','',NULL,24),(616,'30mm×4mm','120mm²（Φ14mm）','CB4-304/120','4','150#','MJ-58×4','','',NULL,24),(617,'30mm×4mm','150mm²（Φ16mm）','CB4-304/150','4','150#','MJ-58×4','','',NULL,24),(618,'40mm×4mm','70mm²','CB4-404/70','4','115#','MJ-58×4','','',NULL,24),(619,'40mm×4mm','95mm²','CB4-404/95','4','150#','MJ-58×4','','',NULL,24),(620,'40mm×4mm','120mm²（Φ14mm）','CB4-404/120','4','150#','MJ-58×4','','',NULL,24),(621,'40mm×4mm','150mm²（Φ16mm）','CB4-404/150','4','150#','MJ-58×4','','',NULL,24),(622,'40mm×4mm','185mm²','CB4-404/185','4','200#','MJ-58×4','','',NULL,24),(623,'40mm×6mm','70mm²','CB4-406/70','4','150#','MJ-58×4','','',NULL,24),(624,'40mm×6mm','95mm²','CB4-406/95','4','150#','MJ-58×4','','',NULL,24),(625,'40mm×6mm','120mm²（Φ14mm）','CB4-406/120','4','150#','MJ-58×4','','',NULL,24),(626,'40mm×6mm','150mm²（Φ16mm）','CB4-406/150','4','200#','MJ-58×4','','',NULL,24),(627,'40mm×6mm','185mm²','CB4-406/185','4','200#','MJ-58×4','','',NULL,24),(628,'50mm×5mm','95mm²','CB4-505/95','4','200#','MJ-58×4','','',NULL,24),(629,'50mm×5mm','120mm²（Φ14mm）','CB4-505/120','4','200#','MJ-58×4','','',NULL,24),(630,'50mm×5mm','150mm²（Φ16mm）','CB4-505/150','4','200#','MJ-58×4','','',NULL,24),(631,'50mm×5mm','185mm²','CB4-505/185','5','250#','MJ-58×4','','',NULL,24),(632,'50mm×5mm','240mm²','CB4-505/240','6','150#×2','MJ-58×4','','',NULL,24),(633,'60mm×6mm','70mm²','CB4-606/70','5','250#','MJ-58×4','','',NULL,24),(634,'60mm×6mm','95mm²','CB4-606/95','5','250#','MJ-58×4','','',NULL,24),(635,'60mm×6mm','120mm²（Φ14mm）','CB4-606/120','5','250#','MJ-58×4','','',NULL,24),(636,'60mm×6mm','150mm²（Φ16mm）','CB4-606/150','6','150#×2','MJ-58×4','','',NULL,24),(637,'60mm×6mm','185mm²','CB4-606/185','6','150#×2','MJ-58×4','','',NULL,24),(638,'60mm×6mm','240mm²','CB4-606/240','6','200#+150#','MJ-58×4','','',NULL,24),(639,'80mm×8mm','95mm²','CB4-808/95','7','200#×2','MJ-58×4','','',NULL,24),(640,'80mm×8mm','120mm²（Φ14mm）','CB4-808/120','7','250#×2','MJ-58×4','','',NULL,24),(641,'80mm×8mm','150mm²（Φ16mm）','CB4-808/150','7','250#×2','MJ-58×4','','',NULL,24),(642,'80mm×8mm','185mm²','CB4-808/185','7','200#×3','MJ-58×4','','',NULL,24),(643,'80mm×8mm','240mm²','CB4-808/240','8','200#×3','MJ-58×4','','',NULL,24),(644,'16mm²','20mm×4mm','CB5-16/204','4','65#','MJ-58×4','','',NULL,25),(645,'25mm²','20mm×4mm','CB5-25/204','4','65#','MJ-58×4','','',NULL,25),(646,'35mm²','20mm×4mm','CB5-35/204','4','65#','MJ-58×4','','',NULL,25),(647,'50mm²','20mm×4mm','CB5-50/204','4','65#','MJ-58×4','','',NULL,25),(648,'25mm²','25mm×4mm','CB5-25/254','4','65#','MJ-58×4','','',NULL,25),(649,'35mm²','25mm×4mm','CB5-35/254','4','65#','MJ-58×4','','',NULL,25),(650,'50mm²','25mm×4mm','CB5-50/254','4','90#','MJ-58×4','','',NULL,25),(651,'70mm²','25mm×4mm','CB5-70/254','4','115#','MJ-58×4','','',NULL,25),(652,'95mm²','25mm×4mm','CB5-95/254','4','150#','MJ-58×4','','',NULL,25),(653,'120mm²（Φ14mm）','25mm×4mm','CB5-120/254','4','150#','MJ-58×4','','',NULL,25),(654,'35mm²','30mm×3mm','CB5-35/303','4','90#','MJ-58×4','','',NULL,25),(655,'50mm²','30mm×3mm','CB5-50/303','4','90#','MJ-58×4','','',NULL,25),(656,'70mm²','30mm×3mm','CB5-70/303','4','115#','MJ-58×4','','',NULL,25),(657,'95mm²','30mm×3mm','CB5-95/303','4','150#','MJ-58×4','','',NULL,25),(658,'120mm²（Φ14mm）','30mm×3mm','CB5-120/303','4','150#','MJ-58×4','','',NULL,25),(659,'50mm²','30mm×4mm','CB5-50/304','4','115#','MJ-58×4','','',NULL,25),(660,'70mm²','30mm×4mm','CB5-70/304','4','115#','MJ-58×4','','',NULL,25),(661,'95mm²','30mm×4mm','CB5-95/304','4','150#','MJ-58×4','','',NULL,25),(662,'120mm²（Φ14mm）','30mm×4mm','CB5-120/304','4','150#','MJ-58×4','','',NULL,25),(663,'150mm²（Φ16mm）','30mm×4mm','CB5-150/304','4','200#','MJ-58×4','','',NULL,25),(664,'70mm²','40mm×4mm','CB5-70/404','4','150#','MJ-58×4','','',NULL,25),(665,'95mm²','40mm×4mm','CB5-95/404','4','200#','MJ-58×4','','',NULL,25),(666,'120mm²（Φ14mm）','40mm×4mm','CB5-120/404','4','200#','MJ-58×4','','',NULL,25),(667,'150mm²（Φ16mm）','40mm×4mm','CB5-150/404','5','250#','MJ-58×4','','',NULL,25),(668,'185mm²','40mm×4mm','CB5-185/404','5','250#','MJ-58×4','','',NULL,25),(669,'70mm²','40mm×6mm','CB5-70/406','4','150#','MJ-58×4','','',NULL,25),(670,'95mm²','40mm×6mm','CB5-95/406','4','200#','MJ-58×4','','',NULL,25),(671,'120mm²（Φ14mm）','40mm×6mm','CB5-120/406','4','200#','MJ-58×4','','',NULL,25),(672,'150mm²（Φ16mm）','40mm×6mm','CB5-150/406','5','250#','MJ-58×4','','',NULL,25),(673,'185mm²','40mm×6mm','CB5-185/406','5','250#','MJ-58×4','','',NULL,25),(674,'95mm²','50mm×5mm','CB5-95/505','5','250#','MJ-58×4','','',NULL,25),(675,'120mm²（Φ14mm）','50mm×5mm','CB5-120/505','5','250#','MJ-58×4','','',NULL,25),(676,'150mm²（Φ16mm）','50mm×5mm','CB5-150/505','5','150#×2','MJ-58×4','','',NULL,25),(677,'185mm²','50mm×5mm','CB5-185/505','5','150#×2','MJ-58×4','','',NULL,25),(678,'240mm²','50mm×5mm','CB5-240/505','6','200#+150#','MJ-58×4','','',NULL,25),(679,'70mm²','60mm×6mm','CB5-70/606','6','200#+150#','MJ-58×4','','',NULL,25),(680,'95mm²','60mm×6mm','CB5-95/606','6','200#+150#','MJ-58×4','','',NULL,25),(681,'120mm²（Φ14mm）','60mm×6mm','CB5-120/606','7','200#×2','MJ-58×4','','',NULL,25),(682,'150mm²（Φ16mm）','60mm×6mm','CB5-150/606','7','200#×2','MJ-58×4','','',NULL,25),(683,'185mm²','60mm×6mm','CB5-185/606','7','200#×2','MJ-58×4','','',NULL,25),(684,'240mm²','60mm×6mm','CB5-240/606','8','250#×2','MJ-58×4','','',NULL,25),(685,'95mm²','80mm×8mm','CB5-95/808','8','200#×3','MJ-58×4','','',NULL,25),(686,'120mm²（Φ14mm）','80mm×8mm','CB5-120/808','8','200#×3','MJ-58×4','','',NULL,25),(687,'150mm²（Φ16mm）','80mm×8mm','CB5-150/808','8','200#×3','MJ-58×4','','',NULL,25),(688,'185mm²','80mm×8mm','CB5-185/808','9','200#×4','MJ-58×4','','',NULL,25),(689,'240mm²','80mm×8mm','CB5-240/808','9','200#×4','MJ-58×4','','',NULL,25),(690,'10~40mm','16mm','CRE1-16','5','65#','MJ-58×4','SV16','PACK-A',NULL,26),(691,'10~40mm','25mm','CRE1-25','5','65#','MJ-58×4','','PACK-A',NULL,26),(692,'10~40mm','35mm','CRE1-35','5','90#','MJ-58×4','','PACK-A',NULL,26),(693,'10~40mm','Φ8mm','CRE1-D8','5','90#','MJ-58×4','','PACK-A',NULL,26),(694,'10~40mm','50mm','CRE1-50','5','115#','MJ-58×4','','PACK-A',NULL,26),(695,'10~40mm','Φ10mm','CRE1-D10','5','115#','MJ-58×4','','PACK-A',NULL,26),(696,'10~40mm','70mm','CRE1-70','5','115#','MJ-58×4','','PACK-A',NULL,26),(697,'10~40mm','95mm','CRE1-95','5','150#','MJ-58×4','','PACK-A',NULL,26),(698,'10~40mm','120mm','CRE1-120','5','200#','MJ-58×4','','PACK-A',NULL,26),(699,'10~40mm','150mm','CRE1-150','5','200#','MJ-58×4','','PACK-A',NULL,26),(700,'10~40mm','185mm','CRE1-185','6','250#','MJ-58×4','','PACK-A',NULL,26),(701,'10~40mm','16mm','CRE3-16','5','65#','MJ-58×4','SV16','PACK-A',NULL,27),(702,'10~40mm','25mm','CRE3-25','5','65#','MJ-58×4','','PACK-A',NULL,27),(703,'10~40mm','35mm','CRE3-35','5','90#','MJ-58×4','','PACK-A',NULL,27),(704,'10~40mm','Φ8mm','CRE3-D8','5','90#','MJ-58×4','','PACK-A',NULL,27),(705,'10~40mm','50mm','CRE3-50','5','115#','MJ-58×4','','PACK-A',NULL,27),(706,'10~40mm','Φ10mm','CRE3-D10','5','115#','MJ-58×4','','PACK-A',NULL,27),(707,'10~40mm','70mm','CRE3-70','5','150#','MJ-58×4','','PACK-A',NULL,27),(708,'10~40mm','95mm','CRE3-95','5','150#','MJ-58×4','','PACK-A',NULL,27),(709,'10~40mm','120mm','CRE3-120','5','200#','MJ-58×4','','PACK-A',NULL,27),(710,'10~40mm','150mm','CRE3-150','6','250#','MJ-58×4','','PACK-A',NULL,27),(711,'10~40mm','185mm','CRE3-185','6','300#','MJ-58×4','','PACK-A',NULL,27),(712,'10~40mm','16mm','CRE17-16','5','65#','MJ-58×4','SV16','PACK-A',NULL,28),(713,'10~40mm','25mm','CRE17-25','5','65#','MJ-58×4','','PACK-A',NULL,28),(714,'10~40mm','35mm','CRE17-35','5','90#','MJ-58×4','','PACK-A',NULL,28),(715,'10~40mm','Φ8mm','CRE17-D8','5','90#','MJ-58×4','','PACK-A',NULL,28),(716,'10~40mm','50mm','CRE17-50','5','115#','MJ-58×4','','PACK-A',NULL,28),(717,'10~40mm','Φ10mm','CRE17-D10','5','115#','MJ-58×4','','PACK-A',NULL,28),(718,'10~40mm','70mm','CRE17-70','5','150#','MJ-58×4','','PACK-A',NULL,28),(719,'10~40mm','95mm','CRE17-95','5','150#','MJ-58×4','','PACK-A',NULL,28),(720,'10~40mm','120mm','CRE17-120','5','200#','MJ-58×4','','PACK-A',NULL,28),(721,'10~40mm','150mm','CRE17-150','6','250#','MJ-58×4','','PACK-A',NULL,28),(722,'10~40mm','185mm','CRE17-185','6','300#','MJ-58×4','','PACK-A',NULL,28),(723,'16mm','16mm','CRE2-16/16','5','150#','MJ-58×4','SV16','PACK-A',NULL,29),(724,'16mm','25mm','CRE2-16/25','5','150#','MJ-58×4','','PACK-A',NULL,29),(725,'16mm','35mm','CRE2-16/35','5','150#','MJ-58×4','','PACK-A',NULL,29),(726,'16mm','Φ8mm','CRE2-16/D8','5','150#','MJ-58×4','','PACK-A',NULL,29),(727,'16mm','50mm','CRE2-16/50','5','150#','MJ-58×4','','PACK-A',NULL,29),(728,'16mm','Φ10mm','CRE2-16/D10','5','200#','MJ-58×4','','PACK-A',NULL,29),(729,'16mm','70mm','CRE2-16/70','5','200#','MJ-58×4','','PACK-A',NULL,29),(730,'16mm','95mm','CRE2-16/95','5','200#','MJ-58×4','','PACK-A',NULL,29),(731,'16mm','120mm','CRE2-16/120','6','250#','MJ-58×4','','PACK-A',NULL,29),(732,'16mm','150mm','CRE2-16/150','6','250#','MJ-58×4','','PACK-A',NULL,29),(733,'16mm','185mm','CRE2-16/185','6','300#','MJ-58×4','','PACK-A',NULL,29),(734,'16mm','240mm','CRE2-16/240','6','300#','MJ-58×4','','PACK-A',NULL,29),(735,'18mm','35mm','CRE2-18/35','5','200#','MJ-58×4','','PACK-A',NULL,29),(736,'18mm','Φ8mm','CRE2-18/D8','5','200#','MJ-58×4','','PACK-A',NULL,29),(737,'18mm','50mm','CRE2-18/50','5','200#','MJ-58×4','','PACK-A',NULL,29),(738,'18mm','Φ10mm','CRE2-18/D10','5','200#','MJ-58×4','','PACK-A',NULL,29),(739,'18mm','70mm','CRE2-18/70','5','200#','MJ-58×4','','PACK-A',NULL,29),(740,'18mm','95mm','CRE2-18/95','5','250#','MJ-58×4','','PACK-A',NULL,29),(741,'18mm','120mm','CRE2-18/120','6','250#','MJ-58×4','','PACK-A',NULL,29),(742,'18mm','150mm','CRE2-18/150','6','150#×2','MJ-58×4','','PACK-A',NULL,29),(743,'18mm','185mm','CRE2-18/185','6','150#×2','MJ-58×4','','PACK-A',NULL,29),(744,'18mm','240mm','CRE2-18/240','7','200#+150#','MJ-58×4','','PACK-A',NULL,29),(745,'20mm','35mm','CRE2-20/35','6','250#','MJ-58×4','','PACK-A',NULL,29),(746,'20mm','Φ8mm','CRE2-20/D8','6','250#','MJ-58×4','','PACK-A',NULL,29),(747,'20mm','50mm','CRE2-20/50','6','250#','MJ-58×4','','PACK-A',NULL,29),(748,'20mm','Φ10mm','CRE2-20/D10','6','250#','MJ-58×4','','PACK-A',NULL,29),(749,'20mm','70mm','CRE2-20/70','6','250#','MJ-58×4','','PACK-A',NULL,29),(750,'20mm','95mm','CRE2-20/95','6','150#×2','MJ-58×4','','PACK-A',NULL,29),(751,'20mm','120mm','CRE2-20/120','6','150#×2','MJ-58×4','','PACK-A',NULL,29),(752,'20mm','150mm','CRE2-20/150','6','150#×2','MJ-58×4','','PACK-A',NULL,29),(753,'20mm','185mm','CRE2-20/185','7','200#+150#','MJ-58×4','','PACK-A',NULL,29),(754,'20mm','240mm','CRE2-20/240','7','200#+150#','MJ-58×4','','PACK-A',NULL,29),(755,'25mm','35mm','CRE2-25/35','6','250#','MJ-58×4','','PACK-A',NULL,29),(756,'25mm','Φ8mm','CRE2-25/D8','6','150#×2','MJ-58×4','','PACK-A',NULL,29),(757,'25mm','50mm','CRE2-25/50','6','150#×2','MJ-58×4','','PACK-A',NULL,29),(758,'25mm','Φ10mm','CRE2-25/D10','6','150#×2','MJ-58×4','','PACK-A',NULL,29),(759,'25mm','70mm','CRE2-25/70','6','150#×2','MJ-58×4','','PACK-A',NULL,29),(760,'25mm','95mm','CRE2-25/95','6','150#×2','MJ-58×4','','PACK-A',NULL,29),(761,'25mm','120mm','CRE2-25/120','6','150#×2','MJ-58×4','','PACK-A',NULL,29),(762,'25mm','150mm','CRE2-25/150','7','200#+150#','MJ-58×4','','PACK-A',NULL,29),(763,'25mm','185mm','CRE2-25/185','7','200#+150#','MJ-58×4','','PACK-A',NULL,29),(764,'25mm','240mm','CRE2-25/240','7','200#×2','MJ-58×4','','PACK-A',NULL,29),(765,'32mm','50mm','CRE2-25/50','7','200#+150#','MJ-58×4','','PACK-A',NULL,29),(766,'32mm','Φ10mm','CRE2-25/D10','7','200#×2','MJ-58×4','','PACK-A',NULL,29),(767,'32mm','70mm','CRE2-25/70','7','200#×2','MJ-58×4','','PACK-A',NULL,29),(768,'32mm','95mm','CRE2-25/95','7','200#×2','MJ-58×4','','PACK-A',NULL,29),(769,'32mm','120mm','CRE2-25/120','7','200#×2','MJ-58×4','','PACK-A',NULL,29),(770,'32mm','150mm','CRE2-25/150','8','150#×3','MJ-58×4','','PACK-A',NULL,29),(771,'32mm','185mm','CRE2-25/185','8','150#×3','MJ-58×4','','PACK-A',NULL,29),(772,'32mm','240mm','CRE2-25/240','8','250#×2','MJ-58×4','','PACK-A',NULL,29),(773,'50mm','','CS1-50','5','90#','MJ-58×4','','',NULL,30),(774,'Φ10mm','','CS1-D10','5','90#','MJ-58×4','','',NULL,30),(775,'70mm','','CS1-70','5','115#','MJ-58×4','','',NULL,30),(776,'95mm','','CS1-95','5','115#','MJ-58×4','','',NULL,30),(777,'Φ12mm','','CS1-D12','5','115#','MJ-58×4','','',NULL,30),(778,'120mm(Φ14mm)','','CS1-120','5','150#','MJ-58×4','','',NULL,30),(779,'150mm(Φ16mm)','','CS1-150','5','150#','MJ-58×4','','',NULL,30),(780,'185mm','','CS1-185','5','200#','MJ-58×4','','',NULL,30),(781,'240mm','','CS1-240','6','250#','MJ-58×4','','',NULL,30),(782,'300mm','','CS1-300','6','150#×2','MJ-58×4','','',NULL,30),(783,'50mm','','CS2-50','5','115#','MJ-58×4','','',NULL,31),(784,'Φ10mm','','CS2-D10','5','115#','MJ-58×4','','',NULL,31),(785,'70mm','','CS2-70','5','150#','MJ-58×4','','',NULL,31),(786,'95mm','','CS2-95','5','150#','MJ-58×4','','',NULL,31),(787,'Φ12mm','','CS2-D12','5','150#','MJ-58×4','','',NULL,31),(788,'120mm(Φ14mm)','','CS2-120','5','200#','MJ-58×4','','',NULL,31),(789,'150mm(Φ16mm)','','CS2-150','5','200#','MJ-58×4','','',NULL,31),(790,'185mm','','CS2-185','6','250#','MJ-58×4','','',NULL,31),(791,'240mm','','CS2-240','6','150#×2','MJ-58×4','','',NULL,31),(792,'300mm','','CS2-300','7','200#×2','MJ-58×4','','',NULL,31),(793,'16mm','','CS3-16','5','45#','MJ-58×4','CS3-M-16','',NULL,32),(794,'25mm','','CS3-25','5','65#','MJ-58×4','CS3-M-25','',NULL,32),(795,'35mm','','CS3-35','5','65#','MJ-58×4','CS3-M-35','',NULL,32),(796,'Φ8mm','','CS3-D8','5','90#','MJ-58×4','','',NULL,32),(797,'50mm','','CS3-50','5','90#','MJ-58×4','','',NULL,32),(798,'Φ10mm','','CS3-D10','5','115#','MJ-58×4','','',NULL,32),(799,'70mm','','CS3-70','5','150#','MJ-58×4','','',NULL,32),(800,'95mm','','CS3-95','5','150#','MJ-58×4','','',NULL,32),(801,'Φ12mm','','CS3-D12','5','150#','MJ-58×4','','',NULL,32),(802,'120mm(Φ14mm)','','CS3-120','5','150#','MJ-58×4','','',NULL,32),(803,'150mm(Φ16mm)','','CS3-150','5','200#','MJ-58×4','','',NULL,32),(804,'185mm','','CS3-185','5','250#','MJ-58×4','','',NULL,32),(805,'240mm','','CS3-240','6','250#','MJ-58×4','','',NULL,32),(806,'16mm','','CS7-16','5','65#','MJ-58×4','CS7-M-16','',NULL,33),(807,'25mm','','CS7-25','5','65#','MJ-58×4','CS7-M-25','',NULL,33),(808,'35mm','','CS7-35','5','65#','MJ-58×4','CS7-M-35','',NULL,33),(809,'Φ8mm','','CS7-D8','5','90#','MJ-58×4','','',NULL,33),(810,'50mm','','CS7-50','5','90#','MJ-58×4','','',NULL,33),(811,'Φ10mm','','CS7-D10','5','115#','MJ-58×4','','',NULL,33),(812,'70mm','','CS7-70','5','150#','MJ-58×4','','',NULL,33),(813,'95mm','','CS7-95','5','200#','MJ-58×4','','',NULL,33),(814,'Φ12mm','','CS7-D12','5','200#','MJ-58×4','','',NULL,33),(815,'120mm(Φ14mm)','','CS7-120','5','200#','MJ-58×4','','',NULL,33),(816,'150mm(Φ16mm)','','CS7-150','6','250#','MJ-58×4','','',NULL,33),(817,'185mm','','CS7-185','6','150#×2','MJ-58×4','','',NULL,33),(818,'240mm','','CS7-240','7','150#×2','MJ-58×4','','',NULL,33),(819,'300mm','','CS7-300','7','200#×2','MJ-58×4','','',NULL,33),(820,'50mm','','CS9-50','5','115#','MJ-58×4','','',NULL,34),(821,'Φ10mm','','CS9-D10','5','115#','MJ-58×4','','',NULL,34),(822,'70mm','','CS9-70','5','150#','MJ-58×4','','',NULL,34),(823,'95mm','','CS9-95','5','150#','MJ-58×4','','',NULL,34),(824,'Φ12mm','','CS9-D12','5','150#','MJ-58×4','','',NULL,34),(825,'120mm(Φ14mm)','','CS9-120','5','200#','MJ-58×4','','',NULL,34),(826,'150mm(Φ16mm)','','CS9-150','6','250#','MJ-58×4','','',NULL,34),(827,'185mm','','CS9-185','6','150#×2','MJ-58×4','','',NULL,34),(828,'240mm','','CS9-240','6','150#×2','MJ-58×4','','',NULL,34),(829,'300mm','','CS9-300','7','200#+150#','MJ-58×4','','',NULL,34),(830,'16mm','','CS25-16','5','45#','MJ-58×4','CS25-M-16','',NULL,35),(831,'25mm','','CS25-25','5','45#','MJ-58×4','CS25-M-25','',NULL,35),(832,'35mm','','CS25-35','5','65#','MJ-58×4','CS25-M-35','',NULL,35),(833,'Φ8mm','','CS25-D8','5','65#','MJ-58×4','','',NULL,35),(834,'50mm','','CS25-50','5','90#','MJ-58×4','','',NULL,35),(835,'Φ10mm','','CS25-D10','5','115#','MJ-58×4','','',NULL,35),(836,'70mm','','CS25-70','5','150#','MJ-58×4','','',NULL,35),(837,'95mm','','CS25-95','5','150#','MJ-58×4','','',NULL,35),(838,'Φ12mm','','CS25-D12','5','150#','MJ-58×4','','',NULL,35),(839,'120mm(Φ14mm)','','CS25-120','5','150#','MJ-58×4','','',NULL,35),(840,'150mm(Φ16mm)','','CS25-150','5','200#','MJ-58×4','','',NULL,35),(841,'185mm','','CS25-185','6','250#','MJ-58×4','','',NULL,35),(842,'240mm','','CS25-240','6','150#×2','MJ-58×4','','',NULL,35),(843,'300mm','','CS25-300','7','200#+150#','MJ-58×4','','',NULL,35),(844,'16mm','','CS27-16','5','45#','MJ-58×4','CS27-M-16','',NULL,36),(845,'25mm','','CS27-25','5','45#','MJ-58×4','CS27-M-25','',NULL,36),(846,'35mm','','CS27-35','5','65#','MJ-58×4','CS27-M-35','',NULL,36),(847,'Φ8mm','','CS27-D8','5','65#','MJ-58×4','','',NULL,36),(848,'50mm','','CS27-50','5','90#','MJ-58×4','','',NULL,36),(849,'Φ10mm','','CS27-D10','5','115#','MJ-58×4','','',NULL,36),(850,'70mm','','CS27-70','5','115#','MJ-58×4','','',NULL,36),(851,'95mm','','CS27-95','5','150#','MJ-58×4','','',NULL,36),(852,'Φ12mm','','CS27-D12','5','150#','MJ-58×4','','',NULL,36),(853,'120mm(Φ14mm)','','CS27-120','5','200#','MJ-58×4','','',NULL,36),(854,'150mm(Φ16mm)','','CS27-150','6','250#','MJ-58×4','','',NULL,36),(855,'185mm','','CS27-185','6','150#×2','MJ-58×4','','',NULL,36),(856,'240mm','','CS27-240','6','150#×2','MJ-58×4','','',NULL,36),(857,'300mm','','CS27-300','7','200#×2','MJ-58×4','','',NULL,36),(858,'50mm','Φ50mm','CS32-50/D50','5','90#','MJ-58×4','','',NULL,37),(859,'Φ10mm','Φ50mm','CS32-D10/D50','5','115#','MJ-58×4','','',NULL,37),(860,'70mm','Φ50mm','CS32-70/D50','5','115#','MJ-58×4','','',NULL,37),(861,'95mm','Φ50mm','CS32-95/D50','5','150#','MJ-58×4','','',NULL,37),(862,'Φ12mm','Φ50mm','CS32-D12/D50','5','150#','MJ-58×4','','',NULL,37),(863,'120mm(Φ14mm)','Φ50mm','CS32-120/D50','5','150#','MJ-58×4','','',NULL,37),(864,'150mm(Φ16mm)','Φ50mm','CS32-150/D50','5','200#','MJ-58×4','','',NULL,37),(865,'185mm','Φ50mm','CS32-185/D50','6','250#','MJ-58×4','','',NULL,37),(866,'240mm','Φ50mm','CS32-240/D50','6','250#','MJ-58×4','','',NULL,37),(867,'300mm','Φ50mm','CS32-300/D50','6','250#','MJ-58×4','','',NULL,37),(868,'50mm','Φ100mm','CS32-50/D100','5','90#','MJ-58×4','','',NULL,37),(869,'Φ10mm','Φ100mm','CS32-D10/D100','5','115#','MJ-58×4','','',NULL,37),(870,'70mm','Φ100mm','CS32-70/D100','5','115#','MJ-58×4','','',NULL,37),(871,'95mm','Φ100mm','CS32-95/D100','5','150#','MJ-58×4','','',NULL,37),(872,'Φ12mm','Φ100mm','CS32-D12/D100','5','200#','MJ-58×4','','',NULL,37),(873,'120mm(Φ14mm)','Φ100mm','CS32-120/D100','6','250#','MJ-58×4','','',NULL,37),(874,'150mm(Φ16mm)','Φ100mm','CS32-150/D100','6','250#','MJ-58×4','','',NULL,37),(875,'185mm','Φ100mm','CS32-185/D100','6','150#×2','MJ-58×4','','',NULL,37),(876,'240mm','Φ100mm','CS32-240/D100','6','150#×2','MJ-58×4','','',NULL,37),(877,'300mm','Φ100mm','CS32-300/D100','7','200#×2','MJ-58×4','','',NULL,37),(878,'50mm','Φ114mm','CS32-50/D114','5','90#','MJ-58×4','','',NULL,37),(879,'Φ10mm','Φ114mm','CS32-D10/D114','5','150#','MJ-58×4','','',NULL,37),(880,'70mm','Φ114mm','CS32-70/D114','5','150#','MJ-58×4','','',NULL,37),(881,'95mm','Φ114mm','CS32-95/D114','5','150#','MJ-58×4','','',NULL,37),(882,'Φ12mm','Φ114mm','CS32-D12/D114','5','200#','MJ-58×4','','',NULL,37),(883,'120mm(Φ14mm)','Φ114mm','CS32-120/D114','6','250#','MJ-58×4','','',NULL,37),(884,'150mm(Φ16mm)','Φ114mm','CS32-150/D114','6','250#','MJ-58×4','','',NULL,37),(885,'185mm','Φ114mm','CS32-185/D114','6','150#×2','MJ-58×4','','',NULL,37),(886,'240mm','Φ114mm','CS32-240/D114','6','150#×2','MJ-58×4','','',NULL,37),(887,'300mm','Φ114mm','CS32-300/D114','7','200#×2','MJ-58×4','','',NULL,37),(888,'50mm','Φ50mm','CS34-50/D50','5','115#','MJ-58×4','','',NULL,38),(889,'Φ10mm','Φ50mm','CS34-D10/D50','5','115#','MJ-58×4','','',NULL,38),(890,'70mm','Φ50mm','CS34-70/D50','5','150#','MJ-58×4','','',NULL,38),(891,'95mm','Φ50mm','CS34-95/D50','5','150#','MJ-58×4','','',NULL,38),(892,'Φ12mm','Φ50mm','CS34-D12/D50','5','200#','MJ-58×4','','',NULL,38),(893,'120mm(Φ14mm)','Φ50mm','CS34-120/D50','6','250#','MJ-58×4','','',NULL,38),(894,'150mm(Φ16mm)','Φ50mm','CS34-150/D50','6','250#','MJ-58×4','','',NULL,38),(895,'185mm','Φ50mm','CS34-185/D50','6','150#×2','MJ-58×4','','',NULL,38),(896,'240mm','Φ50mm','CS34-240/D50','7','200#×2','MJ-58×4','','',NULL,38),(897,'300mm','Φ50mm','CS34-300/D50','7','200#×2','MJ-58×4','','',NULL,38),(898,'50mm','Φ100mm','CS34-50/D100','5','115#','MJ-58×4','','',NULL,38),(899,'Φ10mm','Φ100mm','CS34-D10/D100','5','150#','MJ-58×4','','',NULL,38),(900,'70mm','Φ100mm','CS34-70/D100','5','150#','MJ-58×4','','',NULL,38),(901,'95mm','Φ100mm','CS34-95/D100','5','200#','MJ-58×4','','',NULL,38),(902,'Φ12mm','Φ100mm','CS34-D12/D100','5','200#','MJ-58×4','','',NULL,38),(903,'120mm(Φ14mm)','Φ100mm','CS34-120/D100','6','250#','MJ-58×4','','',NULL,38),(904,'150mm(Φ16mm)','Φ100mm','CS34-150/D100','6','250#','MJ-58×4','','',NULL,38),(905,'185mm','Φ100mm','CS34-185/D100','6','150#×2','MJ-58×4','','',NULL,38),(906,'240mm','Φ100mm','CS34-240/D100','7','200#×2','MJ-58×4','','',NULL,38),(907,'300mm','Φ100mm','CS34-300/D100','7','200#×2','MJ-58×4','','',NULL,38),(908,'50mm','Φ114mm','CS34-50/D114','5','150#','MJ-58×4','','',NULL,38),(909,'Φ10mm','Φ114mm','CS34-D10/D114','5','150#','MJ-58×4','','',NULL,38),(910,'70mm','Φ114mm','CS34-70/D114','5','200#','MJ-58×4','','',NULL,38),(911,'95mm','Φ114mm','CS34-95/D114','5','200#','MJ-58×4','','',NULL,38),(912,'Φ12mm','Φ114mm','CS34-D12/D114','5','200#','MJ-58×4','','',NULL,38),(913,'120mm(Φ14mm)','Φ114mm','CS34-120/D114','6','250#','MJ-58×4','','',NULL,38),(914,'150mm(Φ16mm)','Φ114mm','CS34-150/D114','6','250#','MJ-58×4','','',NULL,38),(915,'185mm','Φ114mm','CS34-185/D114','6','150#×2','MJ-58×4','','',NULL,38),(916,'240mm','Φ114mm','CS34-240/D114','7','200#×2','MJ-58×4','','',NULL,38),(917,'300mm','Φ114mm','CS34-300/D114','7','200#×2','MJ-58×4','','',NULL,38),(918,'16mm','','R4-16L','7','65#','MJ-58×4+\nMJ-FGG','SV16','ZXTT-D16',NULL,39),(919,'16mm','','R4-16R','7','65#','MJ-58×4+\nMJ-FGG','SV16','ZXTT-D16',NULL,39),(920,'25mm','','R4-25L','7','65#','MJ-58×4+\nMJ-FGG','SV25','ZXTT-D25',NULL,39),(921,'25mm','','R4-25R','7','65#','MJ-58×4+\nMJ-FGG','SV25','ZXTT-D25',NULL,39),(922,'35mm','','R4-35L','7','90#','MJ-58×4+\nMJ-FGG','SV35','ZXTT-D35',NULL,39),(923,'35mm','','R4-35R','7','90#','MJ-58×4+\nMJ-FGG','SV35','ZXTT-D35',NULL,39),(924,'50mm','','R4-50L','7','115#','MJ-58×4+\nMJ-FGG','SV50','ZXTT-D50',NULL,39),(925,'50mm','','R4-50R','7','115#','MJ-58×4+\nMJ-FGG','SV50','ZXTT-D50',NULL,39),(926,'70mm','','R4-70L','7','150#','MJ-58×4+\nMJ-FGG','SV70','ZXTT-D70',NULL,39),(927,'70mm','','R4-70R','7','150#','MJ-58×4+\nMJ-FGG','SV70','ZXTT-D70',NULL,39),(928,'95mm','','R4-95L','7','150#','MJ-58×4+\nMJ-FGG','SV95','ZXTT-D95',NULL,39),(929,'95mm','','R4-95R','7','150#','MJ-58×4+\nMJ-FGG','SV95','ZXTT-D95',NULL,39),(930,'120mm','','R4-120L','7','200#','MJ-58×4+\nMJ-FGG','SV120','ZXTT-D120',NULL,39),(931,'120mm','','R4-120R','7','200#','MJ-58×4+\nMJ-FGG','SV120','ZXTT-D120',NULL,39),(932,'150mm','','R4-150L','7','200#','MJ-58×4+\nMJ-FGG','SV150','ZXTT-D150',NULL,39),(933,'150mm','','R4-150R','7','200#','MJ-58×4+\nMJ-FGG','SV150','ZXTT-D150',NULL,39),(934,'185mm','','R4-185L','7','250#','MJ-58×4+\nMJ-FGG','SV185','ZXTT-D185',NULL,39),(935,'185mm','','R4-185R','7','250#','MJ-58×4+\nMJ-FGG','SV185','ZXTT-D185',NULL,39),(936,'240mm','','R4-240L','7','250#','MJ-58×4+\nMJ-FGG','SV240','ZXTT-D240',NULL,39),(937,'240mm','','R4-240R','7','250#','MJ-58×4+\nMJ-FGG','SV240','ZXTT-D240',NULL,39),(938,'20mm×3mm','','R6-203','5','65#','MJ-58×4+\nMJ-FGG','','',NULL,40),(939,'20mm×4mm','','R6-204','5','65#','MJ-58×4+\nMJ-FGG','','',NULL,40),(940,'20mm×5mm','','R6-205','5','90#','MJ-58×4+\nMJ-FGG','','',NULL,40),(941,'25mm×4mm','','R6-254','5','115#','MJ-58×4+\nMJ-FGG','','',NULL,40),(942,'30mm×3mm','','R6-303','5','115#','MJ-58×4+\nMJ-FGG','','',NULL,40),(943,'30mm×4mm','','R6-304','5','150#','MJ-58×4+\nMJ-FGG','','',NULL,40),(944,'M6','','R8-M6','5','65#','MJ-58×4+\nMJ-FGG','','',NULL,41),(945,'M8','','R8-M8','5','65#','MJ-58×4+\nMJ-FGG','','',NULL,41),(946,'M10','','R8-M10','5','90#','MJ-58×4+\nMJ-FGG','','',NULL,41),(947,'M12','','R8-M12','5','115#','MJ-58×4+\nMJ-FGG','','',NULL,41),(948,'M14','','R8-M14','5','115#','MJ-58×4+\nMJ-FGG','','',NULL,41),(949,'M16','','R8-M16','5','150#','MJ-58×4+\nMJ-FGG','','',NULL,41),(951,'16mm','','R12-16R','8','65#','MJ-58×4+\nMJ-FGG','SV16','ZXTT-D16',NULL,42),(953,'25mm','','R12-25R','8','65#','MJ-58×4+\nMJ-FGG','SV25','ZXTT-D25',NULL,42),(955,'35mm','','R12-35R','8','90#','MJ-58×4+\nMJ-FGG','SV35','ZXTT-D35',NULL,42),(957,'50mm','','R12-50R','8','115#','MJ-58×4+\nMJ-FGG','SV50','ZXTT-D50',NULL,42),(959,'70mm','','R12-70R','8','150#','MJ-58×4+\nMJ-FGG','SV70','ZXTT-D70',NULL,42),(961,'95mm','','R12-95R','8','150#','MJ-58×4+\nMJ-FGG','SV95','ZXTT-D95',NULL,42),(963,'120mm','','R12-120R','8','200#','MJ-58×4+\nMJ-FGG','SV120','ZXTT-D120',NULL,42),(965,'150mm','','R12-150R','8','200#','MJ-58×4+\nMJ-FGG','SV150','ZXTT-D150',NULL,42),(967,'185mm','','R12-185R','8','250#','MJ-58×4+\nMJ-FGG','SV185','ZXTT-D185',NULL,42),(969,'240mm','','R12-240R','8','250#','MJ-58×4+\nMJ-FGG','SV240','ZXTT-D240',NULL,42),(970,'6mm²水平单点焊接','','WY-06A','','12#','','','',NULL,43),(971,'6mm²水平“一字”焊接','','WY-06B','','15#','','','',NULL,43),(972,'6mm²水平“T字”焊接','','WY-06C','','15#','','','',NULL,43),(973,'6mm²垂直单点焊接','','WY-06D','','15#','','','',NULL,43),(974,'6mm²垂直“一字”焊接','','WY-06E','','20#','','','',NULL,43),(975,'10mm²水平单点焊接','','WY-10A','','15#','','','',NULL,43),(976,'10mm²水平“一字”焊接','','WY-10B','','20#','','','',NULL,43),(977,'10mm²水平“T字”焊接','','WY-10C','','20#','','','',NULL,43),(978,'10mm²垂直单点焊接','','WY-10D','','20#','','','',NULL,43),(979,'10mm²垂直“一字”焊接','','WY-10E','','25#','','','',NULL,43),(980,'16mm²水平单点焊接','','WY-16A','','20#','','','',NULL,43),(981,'16mm²水平“一字”焊接','','WY-16B','','25#','','','',NULL,43),(982,'16mm²水平“T字”焊接','','WY-16C','','25#','','','',NULL,43),(983,'16mm²垂直单点焊接','','WY-16D','','25#','','','',NULL,43),(984,'16mm²垂直“一字”焊接','','WY-16E','','30#','','','',NULL,43),(985,'25mm²水平单点焊接','','WY-25A','','30#','','','',NULL,43),(986,'25mm²水平“一字”焊接','','WY-25B','','30#','','','',NULL,43),(987,'25mm²水平“T字”焊接','','WY-25C','','30#','','','',NULL,43),(988,'25mm²垂直单点焊接','','WY-25D','','30#','','','',NULL,43),(989,'25mm²垂直“一字”焊接','','WY-25E','','35#','','','',NULL,43),(990,'35mm²水平单点焊接','','WY-35A','','30#','','','',NULL,43),(991,'35mm²水平“一字”焊接','','WY-35B','','35#','','','',NULL,43),(992,'35mm²水平“T字”焊接','','WY-35C','','35#','','','',NULL,43),(993,'35mm²垂直单点焊接','','WY-35D','','35#','','','',NULL,43),(994,'35mm²垂直“一字”焊接','','WY-35E','','45#','','','',NULL,43),(995,'50mm²水平单点焊接','','WY-50A','','30#','','','',NULL,43),(996,'50mm²水平“一字”焊接','','WY-50B','','35#','','','',NULL,43),(997,'50mm²水平“T字”焊接','','WY-50C','','35#','','','',NULL,43),(998,'50mm²垂直单点焊接','','WY-50D','','35#','','','',NULL,43),(999,'50mm²垂直“一字”焊接','','WY-50E','','45#','','','',NULL,43);

/*Table structure for table `productparameterpicurl` */

DROP TABLE IF EXISTS `productparameterpicurl`;

CREATE TABLE `productparameterpicurl` (
  `REC_ID` int(11) NOT NULL AUTO_INCREMENT,
  `CONDUCTOR_URL` varchar(150) DEFAULT NULL,
  `MODEL_NUMBER_URL` varchar(150) DEFAULT NULL,
  `MODEL_TYPE_URL` varchar(150) DEFAULT NULL,
  `POWER_TYPE_URL` varchar(150) DEFAULT NULL,
  `MODEL_CLIP_URL` varchar(150) DEFAULT NULL,
  `PARAMETER1_URL` varchar(150) DEFAULT NULL,
  `PARAMETER2_URL` varchar(150) DEFAULT NULL,
  `REMARK` varchar(500) DEFAULT NULL,
  `FK_CHILD_REC_ID` int(11) DEFAULT NULL,
  PRIMARY KEY (`REC_ID`),
  KEY `FK_Reference_5` (`FK_CHILD_REC_ID`),
  CONSTRAINT `FK_Reference_5` FOREIGN KEY (`FK_CHILD_REC_ID`) REFERENCES `childseriesproduct` (`REC_ID`)
) ENGINE=InnoDB AUTO_INCREMENT=2 DEFAULT CHARSET=utf8;

/*Data for the table `productparameterpicurl` */

insert  into `productparameterpicurl`(`REC_ID`,`CONDUCTOR_URL`,`MODEL_NUMBER_URL`,`MODEL_TYPE_URL`,`POWER_TYPE_URL`,`MODEL_CLIP_URL`,`PARAMETER1_URL`,`PARAMETER2_URL`,`REMARK`,`FK_CHILD_REC_ID`) values (1,'/images/total/main_1.jpg','/images/total/main_1.jpg','/images/total/main_1.jpg','/images/total/main_1.jpg','/images/total/main_1.jpg','/images/total/main_1.jpg','/images/total/main_1.jpg',NULL,1);

/*Table structure for table `singleprodes` */

DROP TABLE IF EXISTS `singleprodes`;

CREATE TABLE `singleprodes` (
  `REC_ID` int(11) NOT NULL AUTO_INCREMENT,
  `PRO_TYPE` varchar(50) DEFAULT NULL,
  `HTML_DES` text,
  `REMARK` varchar(150) DEFAULT NULL,
  `TYPE` varchar(150) DEFAULT NULL,
  PRIMARY KEY (`REC_ID`)
) ENGINE=InnoDB AUTO_INCREMENT=15 DEFAULT CHARSET=utf8;

/*Data for the table `singleprodes` */

insert  into `singleprodes`(`REC_ID`,`PRO_TYPE`,`HTML_DES`,`REMARK`,`TYPE`) values (1,'导体','<p>导体相关的介绍，图片</p>\n<p><em>斜体</em></p>\n<p><strong>粗体</strong></p>\n<p><span style=\"text-decoration: underline;\"><strong>下划线</strong></span></p>\n<p>&nbsp;</p>',NULL,'焊接类'),(2,'模具型号','<p>导体相关的介绍，图片</p>\n<p><em>斜体</em></p>\n<p><strong>粗体</strong></p>\n<p><span style=\"text-decoration: underline;\"><strong>下划线</strong></span></p>\n<p>&nbsp;</p>',NULL,'焊接类'),(3,'价格体系','<p>导体相关的介绍，图片</p>\n<p><em>斜体</em></p>\n<p><strong>粗体</strong></p>\n<p><span style=\"text-decoration: underline;\"><strong>下划线</strong></span></p>\n<p>&nbsp;</p>',NULL,'焊接类'),(4,'焊粉型号','<p>导体相关的介绍，图片</p>\r\n<p><em>斜体</em></p>\r\n<p><strong>粗体</strong></p>\r\n<p><span style=\"text-decoration: underline;\"><strong>下划线</strong></span></p>\r\n<p>&nbsp;</p>',NULL,'焊接类'),(5,'模具夹','<p>导体相关的介绍，图片</p>\r\n<p><em>斜体</em></p>\r\n<p><strong>粗体</strong></p>\r\n<p><span style=\"text-decoration: underline;\"><strong>下划线</strong></span></p>\r\n<p>&nbsp;</p>',NULL,'焊接类'),(6,'套管','<p>导体相关的介绍，图片</p>\r\n<p><em>斜体</em></p>\r\n<p><strong>粗体</strong></p>\r\n<p><span style=\"text-decoration: underline;\"><strong>下划线</strong></span></p>\r\n<p>&nbsp;</p>',NULL,'焊接类'),(7,'整形模具','<p>导体相关的介绍，图片</p>\r\n<p><em>斜体</em></p>\r\n<p><strong>粗体</strong></p>\r\n<p><span style=\"text-decoration: underline;\"><strong>下划线</strong></span></p>\r\n<p>&nbsp;</p>',NULL,'焊接类'),(8,'工具箱','<p>导体相关的介绍，图片</p><p><em>斜体</em></p><p><strong>粗体</strong></p><p><span style=\"text-decoration: underline;\"><strong>下划线</strong></span></p><p>&nbsp;</p>',NULL,'辅助工具'),(9,'点火枪','<p>导体相关的介绍，图片</p><p><em>斜体</em></p><p><strong>粗体</strong></p><p><span style=\"text-decoration: underline;\"><strong>下划线</strong></span></p><p>&nbsp;</p>',NULL,'辅助工具'),(10,'喷灯','<p>导体相关的介绍，图片</p><p><em>斜体</em></p><p><strong>粗体</strong></p><p><span style=\"text-decoration: underline;\"><strong>下划线</strong></span></p><p>&nbsp;</p>',NULL,'辅助工具'),(11,'清模铜刷','<p>导体相关的介绍，图片</p><p><em>斜体</em></p><p><strong>粗体</strong></p><p><span style=\"text-decoration: underline;\"><strong>下划线</strong></span></p><p>&nbsp;</p>',NULL,'辅助工具'),(12,'清模毛刷','<p>导体相关的介绍，图片</p><p><em>斜体</em></p><p><strong>粗体</strong></p><p><span style=\"text-decoration: underline;\"><strong>下划线</strong></span></p><p>&nbsp;</p>',NULL,'辅助工具'),(13,'C型夹','<p>导体相关的介绍，图片</p><p><em>斜体</em></p><p><strong>粗体</strong></p><p><span style=\"text-decoration: underline;\"><strong>下划线</strong></span></p><p>&nbsp;</p>',NULL,'辅助工具'),(14,'F型夹','<p>导体相关的介绍，图片</p><p><em>斜体</em></p><p><strong>粗体</strong></p><p><span style=\"text-decoration: underline;\"><strong>下划线</strong></span></p><p>&nbsp;</p>',NULL,'辅助工具');

/*Table structure for table `supproductparameter` */

DROP TABLE IF EXISTS `supproductparameter`;

CREATE TABLE `supproductparameter` (
  `REC_ID` int(11) NOT NULL AUTO_INCREMENT,
  `TOOLBOX` varchar(100) DEFAULT NULL,
  `DHQ` varchar(100) DEFAULT NULL,
  `PD1` varchar(100) DEFAULT NULL,
  `PD2` varchar(100) DEFAULT NULL,
  `PD3` varchar(100) DEFAULT NULL,
  `QM1` varchar(100) DEFAULT NULL,
  `QM2` varchar(100) DEFAULT NULL,
  `MJ1` varchar(100) DEFAULT NULL,
  `MJ2` varchar(100) DEFAULT NULL,
  `REMARK` varchar(500) DEFAULT NULL,
  `FK_CHILD_REC_ID` int(11) DEFAULT NULL,
  PRIMARY KEY (`REC_ID`),
  KEY `FK_Reference_6` (`FK_CHILD_REC_ID`),
  CONSTRAINT `FK_Reference_6` FOREIGN KEY (`FK_CHILD_REC_ID`) REFERENCES `childseriesproduct` (`REC_ID`)
) ENGINE=InnoDB AUTO_INCREMENT=44 DEFAULT CHARSET=utf8;

/*Data for the table `supproductparameter` */

insert  into `supproductparameter`(`REC_ID`,`TOOLBOX`,`DHQ`,`PD1`,`PD2`,`PD3`,`QM1`,`QM2`,`MJ1`,`MJ2`,`REMARK`,`FK_CHILD_REC_ID`) values (1,'BOX-01','DHQ-01',NULL,NULL,'PD-03','QM-01','QM-02','MJ-C40','MJ-C60',NULL,1),(2,'BOX-01','DHQ-01',NULL,NULL,'PD-03','QM-01','QM-02','MJ-C40','MJ-C60',NULL,2),(3,'BOX-01','DHQ-01',NULL,NULL,'PD-03','QM-01','QM-02','MJ-C40','MJ-C60',NULL,3),(4,'BOX-01','DHQ-01',NULL,NULL,'PD-03','QM-01','QM-02','MJ-C40','MJ-C60',NULL,4),(5,'BOX-01','DHQ-01',NULL,NULL,'PD-03','QM-01','QM-02','MJ-C40','MJ-C60',NULL,5),(6,'BOX-01','DHQ-01',NULL,NULL,'PD-03','QM-01','QM-02','MJ-C40','MJ-C60',NULL,6),(7,'BOX-01','DHQ-01',NULL,NULL,'PD-03','QM-01','QM-02','MJ-C40','MJ-C60',NULL,7),(8,'BOX-01','DHQ-01',NULL,NULL,'PD-03','QM-01','QM-02','MJ-C40','MJ-C60',NULL,8),(9,'BOX-01','DHQ-01',NULL,NULL,'PD-03','QM-01','QM-02','MJ-C40','MJ-C60',NULL,9),(10,'BOX-01','DHQ-01',NULL,NULL,'PD-03','QM-01','QM-02','MJ-C40','MJ-C60',NULL,10),(11,'BOX-01','DHQ-01',NULL,NULL,'PD-03','QM-01','QM-02','MJ-C40','MJ-C60',NULL,11),(12,'BOX-01','DHQ-01',NULL,NULL,'PD-03','QM-01','QM-02','MJ-C40','MJ-C60',NULL,12),(13,'BOX-01','DHQ-01',NULL,NULL,'PD-03','QM-01','QM-02','MJ-C40','MJ-C60',NULL,13),(14,'BOX-01','DHQ-01',NULL,NULL,'PD-03','QM-01','QM-02','MJ-C40','MJ-C60',NULL,14),(15,'BOX-01','DHQ-01',NULL,NULL,'PD-03','QM-01','QM-02','MJ-C40','MJ-C60',NULL,15),(16,'BOX-01','DHQ-01',NULL,NULL,'PD-03','QM-01','QM-02','MJ-C40','MJ-C60',NULL,16),(17,'BOX-01','DHQ-01',NULL,NULL,'PD-03','QM-01','QM-02','MJ-C40','MJ-C60',NULL,17),(18,'BOX-01','DHQ-01',NULL,NULL,'PD-03','QM-01','QM-02','MJ-C40','MJ-C60',NULL,18),(19,'BOX-01','DHQ-01',NULL,NULL,'PD-03','QM-01','QM-02','MJ-C40','MJ-C60',NULL,19),(20,'BOX-01','DHQ-01',NULL,NULL,'PD-03','QM-01','QM-02','MJ-C40','MJ-C60',NULL,20),(21,'BOX-01','DHQ-01',NULL,NULL,'PD-03','QM-01','QM-02','MJ-C40','MJ-C60',NULL,21),(22,'BOX-01','DHQ-01',NULL,NULL,'PD-03','QM-01','QM-02','MJ-C40','MJ-C60',NULL,22),(23,'BOX-01','DHQ-01',NULL,NULL,'PD-03','QM-01','QM-02','MJ-C40','MJ-C60',NULL,23),(24,'BOX-01','DHQ-01',NULL,NULL,'PD-03','QM-01','QM-02','MJ-C40','MJ-C60',NULL,24),(25,'BOX-01','DHQ-01',NULL,NULL,'PD-03','QM-01','QM-02','MJ-C40','MJ-C60',NULL,25),(26,'BOX-01','DHQ-01',NULL,NULL,'PD-03','QM-01','QM-02','MJ-C40','MJ-C60',NULL,26),(27,'BOX-01','DHQ-01',NULL,NULL,'PD-03','QM-01','QM-02','MJ-C40','MJ-C60',NULL,27),(28,'BOX-01','DHQ-01',NULL,NULL,'PD-03','QM-01','QM-02','MJ-C40','MJ-C60',NULL,28),(29,'BOX-01','DHQ-01',NULL,NULL,'PD-03','QM-01','QM-02','MJ-C40','MJ-C60',NULL,29),(30,'BOX-01','DHQ-01',NULL,NULL,'PD-03','QM-01','QM-02','MJ-C40','MJ-C60',NULL,30),(31,'BOX-01','DHQ-01',NULL,NULL,'PD-03','QM-01','QM-02','MJ-C40','MJ-C60',NULL,31),(32,'BOX-01','DHQ-01',NULL,NULL,'PD-03','QM-01','QM-02','MJ-C40','MJ-C60',NULL,32),(33,'BOX-01','DHQ-01',NULL,NULL,'PD-03','QM-01','QM-02','MJ-C40','MJ-C60',NULL,33),(34,'BOX-01','DHQ-01',NULL,NULL,'PD-03','QM-01','QM-02','MJ-C40','MJ-C60',NULL,34),(35,'BOX-01','DHQ-01',NULL,NULL,'PD-03','QM-01','QM-02','MJ-C40','MJ-C60',NULL,35),(36,'BOX-01','DHQ-01',NULL,NULL,'PD-03','QM-01','QM-02','MJ-C40','MJ-C60',NULL,36),(37,'BOX-01','DHQ-01',NULL,NULL,'PD-03','QM-01','QM-02','MJ-C40','MJ-C60',NULL,37),(38,'BOX-01','DHQ-01',NULL,NULL,'PD-03','QM-01','QM-02','MJ-C40','MJ-C60',NULL,38),(39,'BOX-01','DHQ-01',NULL,NULL,'PD-03','QM-01','QM-02','MJ-C40','MJ-C60',NULL,39),(40,'BOX-01','DHQ-01',NULL,NULL,'PD-03','QM-01','QM-02','MJ-C40','MJ-C60',NULL,40),(41,'BOX-01','DHQ-01',NULL,NULL,'PD-03','QM-01','QM-02','MJ-C40','MJ-C60',NULL,41),(42,'BOX-01','DHQ-01',NULL,NULL,'PD-03','QM-01','QM-02','MJ-C40','MJ-C60',NULL,42),(43,'BOX-01','DHQ-01',NULL,NULL,'PD-03','QM-01','QM-02','MJ-C40','MJ-C60',NULL,43);

/*Table structure for table `supproductparameterurl` */

DROP TABLE IF EXISTS `supproductparameterurl`;

CREATE TABLE `supproductparameterurl` (
  `REC_ID` int(11) NOT NULL AUTO_INCREMENT,
  `TOOLBOX_URL` varchar(150) DEFAULT NULL,
  `DHQ_URL` varchar(150) DEFAULT NULL,
  `PD1_URL` varchar(150) DEFAULT NULL,
  `PD2_URL` varchar(150) DEFAULT NULL,
  `PD3_URL` varchar(150) DEFAULT NULL,
  `QM1_URL` varchar(150) DEFAULT NULL,
  `QM2_URL` varchar(150) DEFAULT NULL,
  `MJ1_URL` varchar(150) DEFAULT NULL,
  `MJ2_URL` varchar(150) DEFAULT NULL,
  `REMARK` varchar(500) DEFAULT NULL,
  `FK_CHILD_REC_ID` int(11) DEFAULT NULL,
  PRIMARY KEY (`REC_ID`),
  KEY `FK_Reference_7` (`FK_CHILD_REC_ID`),
  CONSTRAINT `FK_Reference_7` FOREIGN KEY (`FK_CHILD_REC_ID`) REFERENCES `childseriesproduct` (`REC_ID`)
) ENGINE=InnoDB AUTO_INCREMENT=44 DEFAULT CHARSET=utf8;

/*Data for the table `supproductparameterurl` */

insert  into `supproductparameterurl`(`REC_ID`,`TOOLBOX_URL`,`DHQ_URL`,`PD1_URL`,`PD2_URL`,`PD3_URL`,`QM1_URL`,`QM2_URL`,`MJ1_URL`,`MJ2_URL`,`REMARK`,`FK_CHILD_REC_ID`) values (1,'/images/suppic/toolbox.jpg','/images/suppic/dhq.jpg',NULL,NULL,'/images/suppic/pd.jpg','/images/suppic/qm1.jpg','/images/suppic/qm2.jpg','/images/suppic/c_clip.jpg','/images/suppic/f_clip.jpg',NULL,1),(2,'/images/suppic/toolbox.jpg','/images/suppic/dhq.jpg',NULL,NULL,'/images/suppic/pd.jpg','/images/suppic/qm1.jpg','/images/suppic/qm2.jpg','/images/suppic/c_clip.jpg','/images/suppic/f_clip.jpg',NULL,2),(3,'/images/suppic/toolbox.jpg','/images/suppic/dhq.jpg',NULL,NULL,'/images/suppic/pd.jpg','/images/suppic/qm1.jpg','/images/suppic/qm2.jpg','/images/suppic/c_clip.jpg','/images/suppic/f_clip.jpg',NULL,3),(4,'/images/suppic/toolbox.jpg','/images/suppic/dhq.jpg',NULL,NULL,'/images/suppic/pd.jpg','/images/suppic/qm1.jpg','/images/suppic/qm2.jpg','/images/suppic/c_clip.jpg','/images/suppic/f_clip.jpg',NULL,4),(5,'/images/suppic/toolbox.jpg','/images/suppic/dhq.jpg',NULL,NULL,'/images/suppic/pd.jpg','/images/suppic/qm1.jpg','/images/suppic/qm2.jpg','/images/suppic/c_clip.jpg','/images/suppic/f_clip.jpg',NULL,5),(6,'/images/suppic/toolbox.jpg','/images/suppic/dhq.jpg',NULL,NULL,'/images/suppic/pd.jpg','/images/suppic/qm1.jpg','/images/suppic/qm2.jpg','/images/suppic/c_clip.jpg','/images/suppic/f_clip.jpg',NULL,6),(7,'/images/suppic/toolbox.jpg','/images/suppic/dhq.jpg',NULL,NULL,'/images/suppic/pd.jpg','/images/suppic/qm1.jpg','/images/suppic/qm2.jpg','/images/suppic/c_clip.jpg','/images/suppic/f_clip.jpg',NULL,7),(8,'/images/suppic/toolbox.jpg','/images/suppic/dhq.jpg',NULL,NULL,'/images/suppic/pd.jpg','/images/suppic/qm1.jpg','/images/suppic/qm2.jpg','/images/suppic/c_clip.jpg','/images/suppic/f_clip.jpg',NULL,8),(9,'/images/suppic/toolbox.jpg','/images/suppic/dhq.jpg',NULL,NULL,'/images/suppic/pd.jpg','/images/suppic/qm1.jpg','/images/suppic/qm2.jpg','/images/suppic/c_clip.jpg','/images/suppic/f_clip.jpg',NULL,9),(10,'/images/suppic/toolbox.jpg','/images/suppic/dhq.jpg',NULL,NULL,'/images/suppic/pd.jpg','/images/suppic/qm1.jpg','/images/suppic/qm2.jpg','/images/suppic/c_clip.jpg','/images/suppic/f_clip.jpg',NULL,10),(11,'/images/suppic/toolbox.jpg','/images/suppic/dhq.jpg',NULL,NULL,'/images/suppic/pd.jpg','/images/suppic/qm1.jpg','/images/suppic/qm2.jpg','/images/suppic/c_clip.jpg','/images/suppic/f_clip.jpg',NULL,11),(12,'/images/suppic/toolbox.jpg','/images/suppic/dhq.jpg',NULL,NULL,'/images/suppic/pd.jpg','/images/suppic/qm1.jpg','/images/suppic/qm2.jpg','/images/suppic/c_clip.jpg','/images/suppic/f_clip.jpg',NULL,12),(13,'/images/suppic/toolbox.jpg','/images/suppic/dhq.jpg',NULL,NULL,'/images/suppic/pd.jpg','/images/suppic/qm1.jpg','/images/suppic/qm2.jpg','/images/suppic/c_clip.jpg','/images/suppic/f_clip.jpg',NULL,13),(14,'/images/suppic/toolbox.jpg','/images/suppic/dhq.jpg',NULL,NULL,'/images/suppic/pd.jpg','/images/suppic/qm1.jpg','/images/suppic/qm2.jpg','/images/suppic/c_clip.jpg','/images/suppic/f_clip.jpg',NULL,14),(15,'/images/suppic/toolbox.jpg','/images/suppic/dhq.jpg',NULL,NULL,'/images/suppic/pd.jpg','/images/suppic/qm1.jpg','/images/suppic/qm2.jpg','/images/suppic/c_clip.jpg','/images/suppic/f_clip.jpg',NULL,15),(16,'/images/suppic/toolbox.jpg','/images/suppic/dhq.jpg',NULL,NULL,'/images/suppic/pd.jpg','/images/suppic/qm1.jpg','/images/suppic/qm2.jpg','/images/suppic/c_clip.jpg','/images/suppic/f_clip.jpg',NULL,16),(17,'/images/suppic/toolbox.jpg','/images/suppic/dhq.jpg',NULL,NULL,'/images/suppic/pd.jpg','/images/suppic/qm1.jpg','/images/suppic/qm2.jpg','/images/suppic/c_clip.jpg','/images/suppic/f_clip.jpg',NULL,17),(18,'/images/suppic/toolbox.jpg','/images/suppic/dhq.jpg',NULL,NULL,'/images/suppic/pd.jpg','/images/suppic/qm1.jpg','/images/suppic/qm2.jpg','/images/suppic/c_clip.jpg','/images/suppic/f_clip.jpg',NULL,18),(19,'/images/suppic/toolbox.jpg','/images/suppic/dhq.jpg',NULL,NULL,'/images/suppic/pd.jpg','/images/suppic/qm1.jpg','/images/suppic/qm2.jpg','/images/suppic/c_clip.jpg','/images/suppic/f_clip.jpg',NULL,19),(20,'/images/suppic/toolbox.jpg','/images/suppic/dhq.jpg',NULL,NULL,'/images/suppic/pd.jpg','/images/suppic/qm1.jpg','/images/suppic/qm2.jpg','/images/suppic/c_clip.jpg','/images/suppic/f_clip.jpg',NULL,20),(21,'/images/suppic/toolbox.jpg','/images/suppic/dhq.jpg',NULL,NULL,'/images/suppic/pd.jpg','/images/suppic/qm1.jpg','/images/suppic/qm2.jpg','/images/suppic/c_clip.jpg','/images/suppic/f_clip.jpg',NULL,21),(22,'/images/suppic/toolbox.jpg','/images/suppic/dhq.jpg',NULL,NULL,'/images/suppic/pd.jpg','/images/suppic/qm1.jpg','/images/suppic/qm2.jpg','/images/suppic/c_clip.jpg','/images/suppic/f_clip.jpg',NULL,22),(23,'/images/suppic/toolbox.jpg','/images/suppic/dhq.jpg',NULL,NULL,'/images/suppic/pd.jpg','/images/suppic/qm1.jpg','/images/suppic/qm2.jpg','/images/suppic/c_clip.jpg','/images/suppic/f_clip.jpg',NULL,23),(24,'/images/suppic/toolbox.jpg','/images/suppic/dhq.jpg',NULL,NULL,'/images/suppic/pd.jpg','/images/suppic/qm1.jpg','/images/suppic/qm2.jpg','/images/suppic/c_clip.jpg','/images/suppic/f_clip.jpg',NULL,24),(25,'/images/suppic/toolbox.jpg','/images/suppic/dhq.jpg',NULL,NULL,'/images/suppic/pd.jpg','/images/suppic/qm1.jpg','/images/suppic/qm2.jpg','/images/suppic/c_clip.jpg','/images/suppic/f_clip.jpg',NULL,25),(26,'/images/suppic/toolbox.jpg','/images/suppic/dhq.jpg',NULL,NULL,'/images/suppic/pd.jpg','/images/suppic/qm1.jpg','/images/suppic/qm2.jpg','/images/suppic/c_clip.jpg','/images/suppic/f_clip.jpg',NULL,26),(27,'/images/suppic/toolbox.jpg','/images/suppic/dhq.jpg',NULL,NULL,'/images/suppic/pd.jpg','/images/suppic/qm1.jpg','/images/suppic/qm2.jpg','/images/suppic/c_clip.jpg','/images/suppic/f_clip.jpg',NULL,27),(28,'/images/suppic/toolbox.jpg','/images/suppic/dhq.jpg',NULL,NULL,'/images/suppic/pd.jpg','/images/suppic/qm1.jpg','/images/suppic/qm2.jpg','/images/suppic/c_clip.jpg','/images/suppic/f_clip.jpg',NULL,28),(29,'/images/suppic/toolbox.jpg','/images/suppic/dhq.jpg',NULL,NULL,'/images/suppic/pd.jpg','/images/suppic/qm1.jpg','/images/suppic/qm2.jpg','/images/suppic/c_clip.jpg','/images/suppic/f_clip.jpg',NULL,29),(30,'/images/suppic/toolbox.jpg','/images/suppic/dhq.jpg',NULL,NULL,'/images/suppic/pd.jpg','/images/suppic/qm1.jpg','/images/suppic/qm2.jpg','/images/suppic/c_clip.jpg','/images/suppic/f_clip.jpg',NULL,30),(31,'/images/suppic/toolbox.jpg','/images/suppic/dhq.jpg',NULL,NULL,'/images/suppic/pd.jpg','/images/suppic/qm1.jpg','/images/suppic/qm2.jpg','/images/suppic/c_clip.jpg','/images/suppic/f_clip.jpg',NULL,31),(32,'/images/suppic/toolbox.jpg','/images/suppic/dhq.jpg',NULL,NULL,'/images/suppic/pd.jpg','/images/suppic/qm1.jpg','/images/suppic/qm2.jpg','/images/suppic/c_clip.jpg','/images/suppic/f_clip.jpg',NULL,32),(33,'/images/suppic/toolbox.jpg','/images/suppic/dhq.jpg',NULL,NULL,'/images/suppic/pd.jpg','/images/suppic/qm1.jpg','/images/suppic/qm2.jpg','/images/suppic/c_clip.jpg','/images/suppic/f_clip.jpg',NULL,33),(34,'/images/suppic/toolbox.jpg','/images/suppic/dhq.jpg',NULL,NULL,'/images/suppic/pd.jpg','/images/suppic/qm1.jpg','/images/suppic/qm2.jpg','/images/suppic/c_clip.jpg','/images/suppic/f_clip.jpg',NULL,34),(35,'/images/suppic/toolbox.jpg','/images/suppic/dhq.jpg',NULL,NULL,'/images/suppic/pd.jpg','/images/suppic/qm1.jpg','/images/suppic/qm2.jpg','/images/suppic/c_clip.jpg','/images/suppic/f_clip.jpg',NULL,35),(36,'/images/suppic/toolbox.jpg','/images/suppic/dhq.jpg',NULL,NULL,'/images/suppic/pd.jpg','/images/suppic/qm1.jpg','/images/suppic/qm2.jpg','/images/suppic/c_clip.jpg','/images/suppic/f_clip.jpg',NULL,36),(37,'/images/suppic/toolbox.jpg','/images/suppic/dhq.jpg',NULL,NULL,'/images/suppic/pd.jpg','/images/suppic/qm1.jpg','/images/suppic/qm2.jpg','/images/suppic/c_clip.jpg','/images/suppic/f_clip.jpg',NULL,37),(38,'/images/suppic/toolbox.jpg','/images/suppic/dhq.jpg',NULL,NULL,'/images/suppic/pd.jpg','/images/suppic/qm1.jpg','/images/suppic/qm2.jpg','/images/suppic/c_clip.jpg','/images/suppic/f_clip.jpg',NULL,38),(39,'/images/suppic/toolbox.jpg','/images/suppic/dhq.jpg',NULL,NULL,'/images/suppic/pd.jpg','/images/suppic/qm1.jpg','/images/suppic/qm2.jpg','/images/suppic/c_clip.jpg','/images/suppic/f_clip.jpg',NULL,39),(40,'/images/suppic/toolbox.jpg','/images/suppic/dhq.jpg',NULL,NULL,'/images/suppic/pd.jpg','/images/suppic/qm1.jpg','/images/suppic/qm2.jpg','/images/suppic/c_clip.jpg','/images/suppic/f_clip.jpg',NULL,40),(41,'/images/suppic/toolbox.jpg','/images/suppic/dhq.jpg',NULL,NULL,'/images/suppic/pd.jpg','/images/suppic/qm1.jpg','/images/suppic/qm2.jpg','/images/suppic/c_clip.jpg','/images/suppic/f_clip.jpg',NULL,41),(42,'/images/suppic/toolbox.jpg','/images/suppic/dhq.jpg',NULL,NULL,'/images/suppic/pd.jpg','/images/suppic/qm1.jpg','/images/suppic/qm2.jpg','/images/suppic/c_clip.jpg','/images/suppic/f_clip.jpg',NULL,42),(43,'/images/suppic/toolbox.jpg','/images/suppic/dhq.jpg',NULL,NULL,'/images/suppic/pd.jpg','/images/suppic/qm1.jpg','/images/suppic/qm2.jpg','/images/suppic/c_clip.jpg','/images/suppic/f_clip.jpg',NULL,43);

/*Table structure for table `tfg` */

DROP TABLE IF EXISTS `tfg`;

CREATE TABLE `tfg` (
  `REC_ID` int(11) NOT NULL AUTO_INCREMENT,
  `PRODUCT_NORMS` varchar(50) DEFAULT NULL COMMENT '规格',
  `PRODUCT_NAME` varchar(100) DEFAULT NULL COMMENT '名字',
  `PRODUCT_MATERIAL` varchar(20) DEFAULT NULL COMMENT '材质',
  `PRODUCT_WENLI` varchar(50) DEFAULT NULL COMMENT '纹理',
  `ISFANGFU` varchar(50) DEFAULT NULL COMMENT '防腐工艺',
  `PRODUCT_SIZE` varchar(20) DEFAULT NULL COMMENT '产品长度',
  `PRODUCT_DIAMETER` varchar(20) DEFAULT NULL COMMENT '产品直径',
  `CU_PLY` varchar(20) DEFAULT NULL COMMENT '铜层厚度',
  `WEIGHT` varchar(20) DEFAULT NULL COMMENT '重量',
  `FK_REC_ID` int(11) DEFAULT NULL,
  PRIMARY KEY (`REC_ID`),
  KEY `FK_REC_ID` (`FK_REC_ID`),
  CONSTRAINT `tfg_ibfk_1` FOREIGN KEY (`FK_REC_ID`) REFERENCES `tfglx` (`REC_ID`)
) ENGINE=InnoDB AUTO_INCREMENT=40 DEFAULT CHARSET=utf8;

/*Data for the table `tfg` */

insert  into `tfg`(`REC_ID`,`PRODUCT_NORMS`,`PRODUCT_NAME`,`PRODUCT_MATERIAL`,`PRODUCT_WENLI`,`ISFANGFU`,`PRODUCT_SIZE`,`PRODUCT_DIAMETER`,`CU_PLY`,`WEIGHT`,`FK_REC_ID`) values (1,'HB14212Z-E',NULL,NULL,'5/8（英制螺纹）',NULL,'1220','14.2','0.254','1.52',2),(2,'HB14212Z-G',NULL,NULL,'M16（公制螺纹）',NULL,'1220','14.2','0.254','1.52',2),(3,'HB14215Z-E',NULL,NULL,'5/8（英制螺纹）',NULL,'1500','14.2','0.254','1.87',2),(4,'HB14215Z-G',NULL,NULL,'M16（公制螺纹）',NULL,'1500','14.2','0.254','1.87',2),(5,'HB17212Z-E',NULL,NULL,'3/4（英制螺纹）',NULL,'1220','17.2','0.254','2.20',2),(6,'HB17212Z-G',NULL,NULL,'M18（公制螺纹）',NULL,'1220','17.2','0.254','2.20',2),(7,'HB17215Z-E',NULL,NULL,'3/4（英制螺纹）',NULL,'1500','17.2','0.254','2.73',2),(8,'HB17215Z-G',NULL,NULL,'M18（公制螺纹）',NULL,'1500','17.2','0.254','2.73',2),(9,'HB2015Z-G',NULL,NULL,'M22（公制螺纹）',NULL,'1500','20','0.254','3.69',2),(10,'LJ-14.2-E','连接器','硅黄铜','5/8（英制螺纹）','无',NULL,NULL,NULL,'0.12',3),(11,'LJ-14.2-G','连接器','硅黄铜','M16（公制螺纹）','无',NULL,NULL,NULL,'0.12',3),(12,'LJ-17.2-E','连接器','硅黄铜','3/4（英制螺纹）','无',NULL,NULL,NULL,'0.17',3),(13,'LJ-17.2-G','连接器','硅黄铜','M18（公制螺纹）','无',NULL,NULL,NULL,'0.17',3),(14,'QD-14.2-E','驱动头','45#钢','5/8（英制螺纹）','烤蓝',NULL,NULL,NULL,'0.08',3),(15,'QD-14.2-G','驱动头','45#钢','M16（公制螺纹）','烤蓝',NULL,NULL,NULL,'0.08',3),(16,'QD-17.2-E','驱动头','45#钢','3/4（英制螺纹）','烤蓝',NULL,NULL,NULL,'0.12',3),(17,'QD-17.2-G','驱动头','45#钢','M18（公制螺纹）','烤蓝',NULL,NULL,NULL,'0.12',3),(18,'JD-14.2-E','破土尖端','45#钢','5/8（英制螺纹）','烤蓝',NULL,NULL,NULL,'0.06',3),(19,'JD-14.2-G','破土尖端','45#钢','M16（公制螺纹）','烤蓝',NULL,NULL,NULL,'0.06',3),(20,'JD-17.2-E','破土尖端','45#钢','3/4（英制螺纹）','烤蓝',NULL,NULL,NULL,'0.08',3),(21,'JD-17.2-G','破土尖端','45#钢','M18（公制螺纹）','烤蓝',NULL,NULL,NULL,'0.08',3),(22,'HB14212',NULL,NULL,NULL,NULL,'1220','14.2','0.254','1.52',1),(23,'HB14215',NULL,NULL,NULL,NULL,'1500','14.2','0.254','1.87',1),(24,'HB14225',NULL,NULL,NULL,NULL,'2500','14.2','0.254','3.10',1),(25,'HB14230',NULL,NULL,NULL,NULL,'3000','14.2','0.254','3.73',1),(26,'HB1625',NULL,NULL,NULL,NULL,'2500','16','0.254','3.94',1),(27,'HB1630',NULL,NULL,NULL,NULL,'3000','16','0.254','4.73',1),(28,'HB17215',NULL,NULL,NULL,NULL,'1500','17.2','0.254','2.73',1),(29,'HB17225',NULL,NULL,NULL,NULL,'2500','17.2','0.254','4.55',1),(30,'HB17230',NULL,NULL,NULL,NULL,'3000','17.2','0.254','5.46',1),(31,'HB1825',NULL,NULL,NULL,NULL,'2500','18','0.254','4.99',1),(32,'HB1830',NULL,NULL,NULL,NULL,'3000','18','0.254','5.99',1),(33,'HB2025',NULL,NULL,NULL,NULL,'2500','20','0.254','6.16',1),(34,'HB2030',NULL,NULL,NULL,NULL,'3000','20','0.254','7.39',1),(35,'HB2225',NULL,NULL,NULL,NULL,'2500','22','0.254','7.42',1),(36,'HB2230',NULL,NULL,NULL,NULL,'3000','22','0.254','8.9',1),(37,'HB2225-04',NULL,NULL,NULL,NULL,'2500','22','0.4','7.6',1),(38,'HB2525',NULL,NULL,NULL,NULL,'2500','25','0.254','9.63',1),(39,'HB2530',NULL,NULL,NULL,NULL,'3000','25','0.254','11.55',1);

/*Table structure for table `tfglx` */

DROP TABLE IF EXISTS `tfglx`;

CREATE TABLE `tfglx` (
  `REC_ID` int(11) NOT NULL AUTO_INCREMENT,
  `PRODUCT_TYPE` varchar(100) DEFAULT NULL,
  `PRODUCT_URL` varchar(200) DEFAULT NULL,
  `REMARK` varchar(200) DEFAULT NULL,
  PRIMARY KEY (`REC_ID`)
) ENGINE=InnoDB AUTO_INCREMENT=4 DEFAULT CHARSET=utf8;

/*Data for the table `tfglx` */

insert  into `tfglx`(`REC_ID`,`PRODUCT_TYPE`,`PRODUCT_URL`,`REMARK`) values (1,'单根式接地棒','/images/total/main_1.jpg',NULL),(2,'组合式接地棒','/images/total/main_2.jpg',NULL),(3,'组合式接地棒配件','/images/total/main_3.jpg',NULL);

/*Table structure for table `tfglxms` */

DROP TABLE IF EXISTS `tfglxms`;

CREATE TABLE `tfglxms` (
  `REC_ID` int(11) NOT NULL AUTO_INCREMENT,
  `PRODUCT_TITLE` varchar(100) DEFAULT NULL,
  `PRODUCT_DES` varchar(500) DEFAULT NULL,
  `REMARK` varchar(100) DEFAULT NULL,
  `FK_REC_ID` int(11) DEFAULT NULL,
  PRIMARY KEY (`REC_ID`),
  KEY `FK_REC_ID` (`FK_REC_ID`),
  CONSTRAINT `tfglxms_ibfk_1` FOREIGN KEY (`FK_REC_ID`) REFERENCES `tfglx` (`REC_ID`)
) ENGINE=InnoDB AUTO_INCREMENT=1000 DEFAULT CHARSET=utf8;

/*Data for the table `tfglxms` */

insert  into `tfglxms`(`REC_ID`,`PRODUCT_TITLE`,`PRODUCT_DES`,`REMARK`,`FK_REC_ID`) values (1,'单根式接地棒','单根式接地棒描述',NULL,1),(2,'组合式接地棒','组合式接地棒描述',NULL,2),(3,'组合式接地棒配件','组合式接地棒配件描述',NULL,3),(999,'铜覆钢类型','铜覆钢类型描述',NULL,NULL);

/*Table structure for table `user` */

DROP TABLE IF EXISTS `user`;

CREATE TABLE `user` (
  `REC_ID` int(11) NOT NULL AUTO_INCREMENT,
  `USERNAME` varchar(20) DEFAULT NULL,
  `PASSWD` varchar(20) DEFAULT NULL,
  PRIMARY KEY (`REC_ID`)
) ENGINE=InnoDB AUTO_INCREMENT=2 DEFAULT CHARSET=utf8;

/*Data for the table `user` */

insert  into `user`(`REC_ID`,`USERNAME`,`PASSWD`) values (1,'admin','admin');

/*!40101 SET SQL_MODE=@OLD_SQL_MODE */;
/*!40014 SET FOREIGN_KEY_CHECKS=@OLD_FOREIGN_KEY_CHECKS */;
/*!40014 SET UNIQUE_CHECKS=@OLD_UNIQUE_CHECKS */;
/*!40111 SET SQL_NOTES=@OLD_SQL_NOTES */;
